,Total_Acres_Burned,Archive_Year,County_Name,County_ID,Fire_Started_Date,Fire_Extinguished_Date,Injuries,Latitude,Longitude,Major_Incident,Location,Fire_Name,Percent_Contained,State,Cause_id,Cause_Description,Structure_Impacted,Minimum_Temp,Maximum_Temp,Average_Temp,Wind_Speed,Air_Pressure,Precipitation
3,27440,2013,Placer,31,8/10/2013,8/30/2013,0,39.12,-120.65,FALSE,"Deadwood Ridge, northeast of Foresthill",American Fire,100,CA,14,Unidentified,0,6,26,20,4,1015,0
5,22992,2013,Fresno,10,7/22/2013,9/24/2013,0,37.279,-119.318,FALSE,Seven miles north of Big Creek,Aspen Fire,100,CA,14,Unidentified,0,15,25,21,2,1012,0
7,14754,2013,Siskiyou,47,7/31/2013,8/31/2013,0,41.32,-123.176,FALSE,"North Fork of the Salmon River, West of Sawyers Bar, Klamath National Forest",Salmon River Complex,100,CA,14,Unidentified,0,1,24,18,3,1020,0
8,12503,2013,Humboldt,12,8/10/2013,8/12/2013,0,41.035,-123.488,FALSE,Tish Tang Ridge east of Hoopa Valley Reservation,Corral Complex,100,CA,14,Unidentified,0,4,21,17,3,1015,0.3
12,6965,2013,Tehama,52,5/1/2013,5/9/2013,6,40.190062,-121.595555,TRUE,"140K3 Line, 8 miles northwest of Butte Meadows",Panther Fire,100,CA,14,Unidentified,0,1,16,12,19,1022,0
16,3166,2013,Riverside,33,5/1/2013,5/4/2013,2,34.288877,-116.941311,TRUE,Mias Canyon and Bluff Road in Banning,Summit Fire,100,CA,18,Escaped Prescribed Burn,1,11,24,21,11,1009,0
19,2781,2013,San Diego,37,5/23/2013,5/26/2013,5,33.12111,-116.52579,TRUE,"San Felipe Road, north of Highway 78, East of Julian",San Felipe Fire,100,CA,14,Unidentified,0,6,27,20,24,1008,0
22,2060,2013,Tulare,54,8/24/2013,9/24/2013,0,36.208,-118.444,FALSE,Golden Trout Wilderness on the Sequoia National Forest.,Fish Fire,100,CA,14,Unidentified,0,12,30,24,5,1009,0
24,1708,2013,Mariposa,22,6/16/2013,6/26/2013,1,37.58202,-119.91071,TRUE,"Off Carstens Road, east of 140 in the Midpines area.",Carstens Fire,100,CA,14,Unidentified,0,4,20,17,3,1015,0
26,1271,2013,San Diego,37,5/26/2013,5/31/2013,6,33.04458,-116.5209,TRUE,"Banner Grade area, south of Hwy 78 & east of Hwy 79, southeast of Julian",General Fire,100,CA,9,Miscellaneous,0,6,28,20,23,1013,0
27,1070,2013,Tuolumne,55,8/5/2013,8/14/2013,0,38.25108,-120.02778,FALSE,"Near Beardsley Lake, northeast of Sonora",Power Fire,100,CA,9,Miscellaneous,0,5,27,21,3,1016,0
29,794,2013,Kern,15,8/18/2013,8/24/2013,0,35.707,-118.588,FALSE,Lower Kern River Canyon area off Highway 178,Shirley Fire,100,CA,14,Unidentified,0,18,33,28,3,1011,0
33,572,2013,El Dorado,9,7/8/2013,7/11/2013,0,38.774,-120.298,FALSE,"Off Hwy 50 at 30 Mile Tract, Kyburz",Kyburz Fire,100,CA,9,Miscellaneous,0,8,29,24,3,1012,0
34,534,2013,San Bernardino,36,6/28/2013,7/1/2013,0,34.071556,-117.048397,TRUE,"south of Highway 38 & Bryant Street, northwest of Yucaipa ",Mills Fire,100,CA,14,Unidentified,1,17,38,31,7,1014,0
35,513,2013,Plumas,32,8/18/2013,8/25/2013,0,40.00842,-120.764666,FALSE,Keddie Ridge/North Arm areas of Indian Valley near Taylorsville,Plumas Lightning Complex (Hough),100,CA,14,Unidentified,0,14,30,24,9,1013,0
37,502,2013,Modoc,25,7/3/2013,7/5/2013,0,41.2415,-121.035,FALSE,5 miles northwest of Aiden,Fox Fire (formally 3-7 Fire),100,CA,14,Unidentified,0,18,33,29,5,1018,0
38,500,2013,San Luis Obispo,40,6/1/2013,6/3/2013,0,35.15832,-120.05131,FALSE,"west of the Carrizo Plain, Los Padres National Forest",Branch Fire,100,CA,14,Unidentified,0,19,31,28,10,1012,0
41,413,2013,San Bernardino,36,8/20/2013,8/20/2013,0,34.302,-117.598,FALSE,upper end of Lytle Creek,Gobblers Fire,100,CA,14,Unidentified,0,19,31,27,5,1012,0
42,406,2013,Inyo,14,2/24/2013,2/28/2013,2,36.602575,-118.01651,TRUE,"south of Narrow Gauge Rd & north of Hwy 136, east of Lone Pine",River Fire,100,CA,14,Unidentified,0,-6,4,0,24,1025,0
43,376,2013,Napa,28,10/3/2013,10/4/2013,0,38.628,-122.289,TRUE,off Berryessa Knoxville Rd near Lake Berryessa,Putah Fire,100,CA,14,Unidentified,0,10,22,18,16,1017,0
45,354,2013,San Benito,35,5/3/2013,5/3/2013,0,37.160346,-120.937494,FALSE,"Highway 25 and Horizon Rd, Community of Tres ",Tres Pinos Fire,100,CA,2,Equipment Use,0,15,34,29,10,1019,0
55,274,2013,Madera,20,4/30/2013,5/1/2013,0,37.116295,-119.635004,FALSE,Between Road 210 and Road 200 near Fine Gold Creek in the community of O,Gold Fire,100,CA,5,Debris,0,12,25,21,8,1008,0
56,268,2013,Los Angeles,19,9/23/2013,9/28/2013,0,34.149,-117.908,FALSE,San Gabriel Canyon 1/4 mile west of the entrance station,Madre Fire,100,CA,14,Unidentified,0,15,29,24,14,1011,0
58,243,2013,San Bernardino,36,8/8/2013,8/13/2013,0,34.35,-117.62,FALSE,Sheep canyon just south of Wrightwood,Sharp Fire,100,CA,7,Arson,0,15,28,23,10,1014,0
59,240,2013,Alameda,1,6/8/2013,6/8/2013,0,37.775057,-121.737213,FALSE,"off Vasco Road & North Vasco Road, north of Livermore",Vasco Fire,100,CA,14,Unidentified,0,15,36,29,9,1007,0
63,217,2013,Glenn,11,5/1/2013,5/5/2013,0,39.514139,-122.560862,TRUE,2 miles south of the community of Elk Creek,306 Fire,100,CA,14,Unidentified,0,12,28,23,31,1017,0
68,196,2013,Shasta,45,8/19/2013,8/23/2013,0,40.5445,-121.3754,TRUE,Fall River Mills and McAruther area,Burney Lightning Series (Warner Fire),100,CA,14,Unidentified,0,16,30,26,12,1014,0.8
81,150,2013,Fresno,10,6/25/2013,6/25/2013,0,36.7218,-119.2248,FALSE,off Bronco Lane in Squaw Valley,George Fire,100,CA,14,Unidentified,0,14,29,23,3,1013,0
84,134,2013,Tulare,54,9/8/2013,9/24/2013,0,36.258,-118.459,FALSE,Golden Trout Wilderness,Angora Fire,100,CA,14,Unidentified,0,16,22,18,3,1012,0
87,124,2013,Merced,24,6/4/2013,6/5/2013,0,37.03776,-121.006939,FALSE,Hwy 152 in San Luis Creek Reservoir,152 Fire,100,CA,14,Unidentified,0,15,33,28,15,1010,0
89,120,2013,Lake,17,11/8/2013,11/10/2013,0,38.882214,-122.567525,TRUE,"South of Morgan Valley Rd and East of Hwy 29, Community of Lower Lake",Cantwell Fire,100,CA,2,Equipment Use,1,8,21,15,9,1019,0
91,110,2013,San Bernardino,36,8/17/2013,8/18/2013,0,34.287,-117.451,FALSE,I-15 Cajon Pass south of Cleghorn Road,Cleghorn Fire,100,CA,14,Unidentified,0,21,34,29,6,1012,0
93,105,2013,Monterey,27,6/29/2013,6/29/2013,0,36.1531,-120.8973,FALSE,"off Hwy 198, 10 miles east of King City",Freeman Fire,100,CA,10,Vehicle,0,19,39,33,8,1013,0
102,97,2013,Lassen,18,8/9/2013,8/12/2013,0,40.88886,-120.958126,FALSE,"Southeast of Coyote Reservoir, 20 miles southeast of Bieber",Coyote Fire,100,CA,14,Unidentified,0,6,24,19,6,1013,0.3
103,96,2013,Amador,3,6/12/2013,6/13/2013,0,38.27783,-120.966016,FALSE,"Roadrunner Drive, south of Ione",Roadrunner Fire,100,CA,14,Unidentified,0,13,32,26,4,1014,0
107,91,2013,Madera,20,5/19/2013,5/20/2013,0,37.1927,-119.7917,TRUE,Off Road 400 & Sandy Beach Dr. in Yosemite Lakes,Lilly 2 Fire,100,CA,14,Unidentified,1,5,25,20,7,1018,0
114,75,2013,San Bernardino,36,7/25/2013,7/26/2013,0,34.316,-117.352,FALSE, Hwy 138 west of Hwy 173,Silverwood Fire,100,CA,14,Unidentified,0,21,33,29,9,1012,0
115,75,2013,Madera,20,6/12/2013,6/14/2013,0,37.169379,-119.75636,TRUE,Off Revis Road & Yosemite Springs Parkway in Yosemite Lake Parks area in Coarsegold,Revis Fire,100,CA,14,Unidentified,0,9,30,25,8,1014,0
124,70,2013,Lake,17,8/16/2013,8/18/2013,0,39.013682,-122.491894,TRUE,"Hwy 20 and Mule Skinner Rd., Clear Lake Oaks",Double Fire,100,CA,14,Unidentified,0,15,32,27,10,1014,0
127,60,2013,Riverside,33,8/6/2013,8/8/2013,0,38.838,-116.61,FALSE,Off of Hwy 111 & Tramway Rd in Palm Springs,Tram Fire,100,CA,14,Unidentified,0,15,28,26,2,1012,0
133,50,2013,Lake,17,11/23/2013,11/24/2013,0,39.0448,-122.7656,FALSE,"Off Bruner Drive & Al Drive, Clearlake Oaks",Bruner Fire,100,CA,14,Unidentified,0,2,17,10,19,1017,0
147,43,2013,Shasta,45,7/9/2013,7/9/2013,0,40.373,-122.7338,FALSE,off Fiddler,Fiddler Fire,100,CA,2,Equipment Use,0,14,34,30,8,1015,0
162,38,2013,Lake,17,8/7/2013,8/7/2013,0,39.1591,-122.5906,FALSE,"Off Bartlett Springs Road near Indian Valley Reservoir, 10 miles northeast of Clearlake Oaks",Indian Fire,100,CA,14,Unidentified,0,9,25,20,6,1016,0
168,31,2013,Calaveras,5,7/22/2013,7/23/2013,0,37.965364,-120.696362,FALSE,"near the 4500 block of Chuckwagon Drive, Copperopolis",Chuckwagon Fire,100,CA,14,Unidentified,0,17,35,29,7,1012,0
169,30,2013,Lake,17,9/15/2013,9/15/2013,0,38.9777,-122.683,TRUE,near the community of Clearlake,Lakeshore Fire,100,CA,14,Unidentified,0,11,26,20,11,1008,0
171,30,2013,San Bernardino,36,4/20/2013,4/22/2013,0,34.288877,-116.941311,FALSE,"west of Delamar Mountain, north of the community of Fawnskin, northside of Big Bear Lake",Fawnskin Fire,100,CA,14,Unidentified,0,11,24,21,12,1014,0
178,25,2013,Lake,17,6/20/2013,6/20/2013,0,38.98058,-122.81796,FALSE,"Off Konocti Rd & Oak Hills Ln, east of Kelseyville",Mount Fire,100,CA,14,Unidentified,0,7,25,21,14,1017,0
179,25,2013,Riverside,33,5/20/2013,5/20/2013,0,33.96201,-116.907213,FALSE,Off Sunset Ave & Mesa St in Banning,Cherry Fire,100,CA,14,Unidentified,0,16,26,23,4,1012,0
180,23,2013,Lake,17,11/23/2013,11/24/2013,0,38.9289,-122.5818,FALSE,"Off Dam Rd, southeast of Clear Lake",Dam Fire,100,CA,14,Unidentified,0,4,18,12,21,1017,0
184,0,2013,Humboldt,12,8/3/2013,8/3/2013,0,41.333,-123.376,FALSE,"10 miles east of Somes Bar, California",Orleans Complex,100,CA,14,Unidentified,0,6,27,22,8,1016,0
185,0,2013,Riverside,33,6/9/2013,6/9/2013,0,33.99647,-116.84137,FALSE,"Hathaway Canyon area, northeast of Banning",Hathaway Fire,100,CA,2,Equipment Use,0,17,28,24,5,1010,0
188,39736,2014,Shasta,45,7/30/2014,8/15/2014,0,40.901,-121.368,FALSE,8 miles southeast of Fall River Mills,Bald Fire,100,CA,1,Lightning,0,14,34,29,2,1018,0.2
191,32416,2014,Shasta,45,7/31/2014,8/25/2014,11,40.72,-121.562,TRUE,12 miles southeast of Burney near Old Station,Eiler Fire,100,CA,14,Unidentified,21,12,30,25,8,1016,2.6
194,13153,2014,Modoc,25,7/30/2014,8/13/2014,7,41.1336,-121.2144,TRUE,North of the community of Day,Day Fire,100,CA,1,Lightning,6,14,34,29,2,1018,0.2
196,12661,2014,Shasta,45,7/11/2014,7/26/2014,21,40.4314,-122.750788,TRUE,"Plantina Road at Bland Road, Igo",Bully Fire,100,CA,14,Unidentified,20,14,32,28,4,1013,0
199,6258,2014,Shasta,45,7/30/2014,11/14/2014,0,41.141,-122.805,FALSE,East Fork of the Coffee Creek Drainage,Coffee Fire,100,CA,14,Unidentified,0,13,34,28,5,1018,0.7
206,4300,2014,Napa,"28,17",7/1/2014,7/9/2014,4,38.664,-122.454,TRUE,"Off Butts Canyon Rd in Pope Valley, northwest of Lake Berryessa",Butts Fire,100,CA,9,Miscellaneous,9,13,31,25,9,1009,0
212,4045,2014,Kern,15,8/18/2014,8/27/2014,0,35.7206,-118.4747,FALSE,"north side of Hwy 155, northwest of Wofford Heights",Way Fire,100,CA,14,Unidentified,0,13,32,25,8,1011,0
216,1952,2014,Los Angeles,19,1/16/2014,1/27/2014,0,34.1703,-117.8816,FALSE,"near Morris Reservoir, north of Glendora",Colby Fire,100,CA,14,Unidentified,0,13,23,19,18,1021,0
217,1680,2014,Kern,15,7/11/2014,7/21/2014,0,35.642,-118.15,FALSE,Kelso Valley/Onyx area,Nicolls Fire ,100,CA,14,Unidentified,0,14,30,24,7,1012,0
218,1651,2014,Modoc,25,7/1/2014,7/3/2014,0,41.89,-120.79,FALSE,15 fires across the Modoc National Forest,Modoc Lightning Complex,100,CA,14,Unidentified,0,12,34,29,9,1015,0
225,865,2014,Tehama,52,1/2/2014,1/10/2014,0,40.134597,-121.790183,FALSE,"Ishi Wilderness, north of Campbellville in the Lassen National Forest",Campbell Fire,100,CA,4,Campfire,0,8,20,14,8,1024,0
228,612,2014,Madera,20,8/18/2014,8/25/2014,3,37.3433,-119.6581,TRUE,"off Road 425A, near the Hwy 41 and Hwy 49 junction in Oakhurst",Junction Fire,100,CA,14,Unidentified,47,8,32,25,1,1013,0
231,516,2014,Siskiyou,47,9/15/2014,10/11/2014,1,41.42384,-122.37432,TRUE,City of Weed,Boles Fire,100,CA,14,Unidentified,1272,13,25,22,9,1013,0
240,320,2014,Madera,20,9/14/2014,9/22/2014,4,37.311915,-119.604124,TRUE,"Courtney Lane and 7 Hills Rd, Oakhurst",Courtney Fire,100,CA,5,Debris,71,12,34,27,3,1012,0
241,311,2014,Mariposa,22,10/7/2014,10/12/2014,0,37,40.34,FALSE,"Hwy 140 at Indian Creek, El Portal Community",Dog Rock Fire,100,CA,14,Unidentified,0,21,29,27,10,1016,0
244,274,2014,Los Angeles,19,8/17/2014,12/12/2014,0,34.267,-117.867,FALSE,"18 miles north of Glendora, off Highway 39 and mile marker 28.",Tecolote Fire,100,CA,14,Unidentified,0,19,30,27,6,1014,0
250,190,2014,Los Angeles,19,8/14/2014,12/12/2014,0,34.235,-117.771,FALSE,"upper end of East Fork San Gabriel River, North of Glendora",Shoemaker Fire,100,CA,14,Unidentified,0,19,30,26,6,1013,0
253,130,2014,Mariposa,22,6/10/2014,6/13/2014,1,37.7103,-120.197,TRUE,"Highway 49 and Haigh Rd., north of Coulterville",Haigh Fire,100,CA,14,Unidentified,0,15,35,30,4,1008,0
256,120,2014,Calaveras,5,6/20/2014,6/21/2014,0,120.679019,38.178241,FALSE,"off George Reed Drive and Pool Station Road, San Andreas",Reed Fire,100,CA,14,Unidentified,0,0,0,0,1,1,0
267,85,2014,Calaveras,5,6/22/2014,6/24/2014,1,38.058,-120.66,TRUE,"Oak Valley Road at Pool Station Road, south of San Andreas",Oak Fire,100,CA,14,Unidentified,1,11,30,25,4,1012,0
273,75,2014,Shasta,45,7/5/2014,7/8/2014,0,40.5719,-121.3415,TRUE,"Off Cassel Road at Thrush Road, in Cassel",Cassel Fire,100,CA,9,Miscellaneous,0,7,29,24,6,1016,0
274,75,2014,Monterey,27,4/30/2014,5/1/2014,0,36.103,-121.117,FALSE,"San Lucas & Jolon Rd, west of King City ",San Lucas Fire,100,CA,14,Unidentified,0,14,32,27,5,1018,0
278,70,2014,Solano,48,6/12/2014,6/13/2014,0,121.999,38.453,FALSE,"off Rolling Hills Lane, north of Vacaville ",Norman Fire,100,CA,14,Unidentified,0,0,0,0,1,1,0
287,47,2014,San Luis Obispo,",40",7/7/2014,7/8/2014,0,35.8218,-121.0226,FALSE,along Interlake Road between Monterey & San Luis Obispo County,Interlake Fire,100,CA,14,Unidentified,0,19,30,27,7,1012,0
296,27,2014,Napa,28,9/11/2014,9/15/2014,0,38.695961,-122.384054,FALSE,"Berryessa Estates, North of Lake Berryessa",Stage Coach Fire,100,CA,14,Unidentified,0,15,35,29,6,1012,0
299,25,2014,Fresno,10,6/11/2014,6/9/2014,0,36.742747,-119.241493,FALSE,near Hwy 180 & Hall Lane near Squaw Valley,Hall Fire,100,CA,14,Unidentified,0,14,32,27,3,1009,0
303,15,2014,Trinity,53,7/1/2014,7/3/2014,0,40.41,-123.24,FALSE,near the Trinity Pines community,West Fire,100,CA,14,Unidentified,0,10,33,28,4,1010,0
306,10,2014,Madera,20,8/26/2014,12/12/2014,0,37,18.4,FALSE,Malum Ridge Road near Bass Lake,Pines Fire,100,CA,14,Unidentified,0,26,26,26,24,1014,0
308,0,2014,Siskiyou,47,8/11/2014,8/14/2014,0,41.796,-123.374,FALSE,in the Happy Camp area,Happy Camp Complex,100,CA,1,Lightning,0,8,31,24,8,1016,0
311,151623,2015,Fresno,10,7/31/2015,11/9/2015,0,36.874,-118.905,FALSE,5 miles North of Hume Lake and 2.5 miles to the southwest of Spanish Mountain 5,Rough Fire ,100,CA,14,Unidentified,0,8,19,16,4,1018,0
313,69438,2015,Lake,17,7/29/2015,8/14/2015,0,38.8863538,-122.4762475,TRUE,"near Morgan Valley Road and Rocky Creek Road, east of Clear Lake",Rocky Fire,100,CA,9,Miscellaneous,104,18,37,32,7,1011,0
318,25118,2015,Lake,"17,28",8/9/2015,8/25/2015,0,38.8142503,-122.4867319,TRUE,"Jerusalem Valley area, northeast of Middletown",Jerusalem Fire,100,CA,14,Unidentified,27,14,32,28,10,1013,0
320,10570,2015,Lassen,18,8/3/2015,8/4/2015,0,40.938,-120.105,FALSE,17 miles northeast of Ravendale,Dodge Fire,100,CA,14,Unidentified,0,12,27,23,5,1012,0
324,6980,2015,Tulare,54,7/19/2015,9/5/2015,0,36.24,-118.54,FALSE,"Golden Trout Wilderness, Sequoia National Forest",Cabin Fire,100,CA,14,Unidentified,0,20,33,29,5,1016,0
325,5702,2015,Madera,20,7/25/2015,8/13/2015,0,37.279722,-119.50014,FALSE,"off of Willow Canyon Drive and Road 274, southeast of Bass Lake",Willow Fire,100,CA,14,Unidentified,0,10,30,25,6,1019,0
327,4863,2015,Modoc,25,7/30/2015,7/31/2015,0,41.399,-121.392,FALSE,SW of Lava Campground,Frog Fire,100,CA,1,Lightning,0,13,36,31,8,1017,0
328,4250,2015,San Bernardino,36,7/17/2015,7/21/2015,0,34.339,-117.478,TRUE,"off Interstate 15, south of Oaks Hills, in the Cajon Pass area",North Fire,100,CA,14,Unidentified,72,22,31,28,10,1011,0
330,2700,2015,Alameda,1,8/19/2015,8/22/2015,0,37.3845,-121.3732,TRUE,"off Tesla Rd near Correl Hollow, between Livermore and Tracy",Tesla Fire,100,CA,14,Unidentified,0,17,37,30,6,1013,0
341,920,2015,Madera,20,6/18/2015,6/25/2015,0,37.165767,-119.523943,TRUE,"Road 222 and Tunoi Place, north of Auberry",Corrine Fire,100,CA,14,Unidentified,3,18,33,29,8,1014,0
343,673,2015,Lake,17,9/2/2015,9/8/2015,0,55.23,-122,TRUE,"Off of Elk Mountain Road and Mount Dinger Road, north of Upper Lake",Elk Fire,100,CA,2,Equipment Use,0,2,4,3,4,1002,1.4
360,275,2015,Merced,24,5/11/2015,5/11/2015,0,37.08312,-121.06963,FALSE,off Hwy 152 near the O’Neill Forebay ,Forebay Fire,100,CA,14,Unidentified,0,9,25,20,12,1014,0
367,215,2015,Lake,17,8/22/2015,8/27/2015,0,38.925764,-122.879272,TRUE,"off Peterson Lane and Adobe Creek Road, near Kelseyville",Peterson Fire,100,CA,2,Equipment Use,0,12,33,26,3,1011,0
372,200,2015,Los Angeles,19,7/17/2015,8/4/2015,0,34.367,-117.683,FALSE,Angeles Crest Highway (Hwy 2) north of Wrightwood and near Big Pines,Pines Fire ,100,CA,14,Unidentified,0,19,33,29,10,1011,0
373,200,2015,Siskiyou,47,2/24/2015,3/2/2015,0,41.485,-121.851,FALSE,"Approx. 18 miles northeast of McCloud, just south of Horse Peak",Stephens Fire,100,CA,14,Unidentified,0,-4,17,8,9,1030,0
384,167,2015,San Diego,37,7/24/2015,7/26/2015,0,33.383889,-116.868611,FALSE,"On Palomar Mountain, north of the Palomar Observatory",Cutca Fire,100,CA,14,Unidentified,0,18,30,26,1,1016,0
386,158,2015,Humboldt,12,7/24/2015,8/1/2015,2,41.295667,-123.784067,TRUE,"off Hwy 169 & McKinnon Hill Rd, 5 miles southeast of Pecwan",Queen Fire,100,CA,14,Unidentified,0,-1,29,22,3,1018,0
390,146,2015,Humboldt,12,8/18/2015,8/29/2015,0,40.1058823,-124.0720419,TRUE,"Saddle Mountain Road, 6 miles NE Shelter Cove",Horse Fire,100,CA,14,Unidentified,0,12,25,22,3,1011,0
391,137,2015,Plumas,32,4/13/2015,4/18/2015,0,40.05083333,-120.7016667,FALSE,East of Taylorsville,Ward Fire,100,CA,14,Unidentified,0,0,9,6,9,1016,1.1
395,116,2015,Modoc,25,7/23/2015,7/26/2015,0,41.29226,-121.172117,FALSE,"on Splawn Mountain, northeast of Bieber",3-11 Fire,100,CA,14,Unidentified,0,11,25,21,4,1011,0
396,114,2015,Calaveras,5,8/13/2015,8/18/2015,0,38.052,-120.5577,TRUE,Marks Ranch Rd south of Angels Camp,Mark Fire,100,CA,14,Unidentified,0,16,31,26,6,1018,0
400,110,2015,Tehama,52,8/8/2015,8/9/2015,0,40.3506868,-121.7786799,TRUE,off Highwat 36 near Paynes Creek,36 Fire,100,CA,14,Unidentified,1,17,33,29,1,1012,0.2
409,86,2015,Tulare,54,7/30/2015,8/5/2015,4,36.49845,-118.9009,TRUE,5 miles north of the community of Three Rivers near Advance,Advance Fire,100,CA,1,Lightning,0,21,37,33,7,1016,0
414,77,2015,Modoc,25,7/23/2015,7/25/2015,0,40.856422,-121.101623,FALSE,"in Dixie Valley, southwest of Bieber",3-12 Fire,100,CA,14,Unidentified,0,5,23,19,3,1011,0
415,75,2015,Shasta,45,8/2/2015,8/4/2015,0,40.67868,-121.93244,TRUE,"Fern Rd and Oak Run Rd, 1 mile east of the Community of Oak Run",Fern Fire,100,CA,14,Unidentified,0,15,26,23,5,1014,1
422,67,2015,Kern,15,6/15/2015,6/15/2015,0,35.77937,-120.19482,FALSE,Off of Hwy 41 near Cottonwood Pass,Pass Fire,100,CA,14,Unidentified,0,24,37,32,9,1010,0
425,60,2015,Lassen,18,6/19/2015,6/20/2015,0,40.875667,-121.033667,FALSE,"Dixie Valley, south of Bieber",Dixie Fire,100,CA,14,Unidentified,0,8,27,22,5,1015,0
435,54,2015,San Bernardino,36,7/12/2015,7/21/2015,0,34.0783472,-117.0487863,TRUE,"Mill Creek Rd and Bryant St, east of Mentone",Mill 2 Fire,100,CA,14,Unidentified,0,13,31,26,3,1014,0
439,50,2015,Mendocino,23,7/30/2015,8/3/2015,0,39.43301,-123.36316,FALSE,Community of Willits and Brooktrails,Mendocino Lightning Fires,100,CA,14,Unidentified,0,11,33,28,3,1014,0
446,40,2015,Lassen,18,9/9/2015,9/10/2015,0,40.400196,-120.553075,FALSE,"Center Rd, east of Susanville",Center Fire,100,CA,1,Lightning,0,12,30,25,2,1015,0
449,40,2015,Stanislaus,50,7/28/2015,7/28/2015,0,37.24523,-121.20324,FALSE,"Sullivan Rd and Orestimba Rd, 10 miles West of Newman",Sullivan Fire,100,CA,14,Unidentified,0,17,38,32,9,1013,0
451,38,2015,Napa,28,6/16/2015,6/17/2015,0,38.5287,-122.3415,TRUE,"Chiles Pope Valley Rd. & Lower Chiles Valley Rd., East of St. Helena",Chiles Fire,100,CA,14,Unidentified,0,8,30,24,4,1013,0
455,35,2015,Mendocino,23,6/28/2015,6/29/2015,0,39.7806004,-123.248214,FALSE,"off Highway 162 and Cemetery Lane, Covelo",Covelo Fire,100,CA,14,Unidentified,0,8,29,23,5,1015,0.1
457,30,2015,Lassen,18,8/29/2015,8/30/2015,0,41.12362,-121.194256,FALSE,"off of Kramer Road and 4 Corners Road, west of Beiber ",Kramer Fire ,100,CA,14,Unidentified,0,9,23,19,11,1010,0
471,22,2015,Lake,17,8/24/2015,8/25/2015,0,38.831478,-122.53428,FALSE,"Jerusalem Grade Rd & June Bug Rd, 7 miles northeast of Middletown",Grade Fire,100,CA,2,Equipment Use,0,13,32,26,6,1015,0
478,16,2015,Humboldt,12,7/28/2015,7/31/2015,0,40.1093,-123.774,FALSE,off Alderpoint Road & Wallan Road near Garberville ,Buck Fire,100,CA,14,Unidentified,0,16,33,27,13,1015,0
482,48019,2016,Kern,15,6/23/2016,7/11/2016,0,35.6115,-118.45628,FALSE,Off Erskine Creek Rd in Lake Isabella,Erskine Fire,100,CA,14,Unidentified,0,16,29,23,10,1013,0
484,36274,2016,San Bernardino,36,8/16/2016,8/23/2016,0,34.30372,-117.49342,TRUE,"off of I-15 and Hwy 138, north of San Bernardino ",Blue Cut Fire,100,CA,14,Unidentified,324,21,36,31,9,1011,0
485,33867,2016,Siskiyou,47,8/27/2016,8/28/2016,0,41.851,-123.118,FALSE,"off Seiad Creek Rd, 5 miles northeast o Seiad Valley",Gap Fire,100,CA,14,Unidentified,0,9,29,24,2,1015,0
489,8110,2016,San Bernardino,36,8/7/2016,8/16/2016,1,34.28771,-117.27338,TRUE,"Pilot Rock & Hwy 138, southeast of Hesperia",Pilot Fire,100,CA,14,Unidentified,0,21,35,30,11,1008,0
491,7474,2016,Santa Barbara,42,6/15/2016,7/12/2016,0,34.776,-119.643,TRUE,west of Goleta,Sherpa Fire,100,CA,14,Unidentified,0,14,22,18,13,1014,0
492,7050,2016,Fresno,10,8/9/2016,8/18/2016,0,36.09974,-120.51057,TRUE,"off Hwy 198 & Mineral Springs Rd, W of Coalinga",Mineral Fire,100,CA,14,Unidentified,2,18,31,26,8,1010,0
501,3929,2016,Lake,17,8/13/2016,8/26/2016,0,38.89741,-122.60664,TRUE,off Hwy 29 and Clayton Creek south of Lower Lake,Clayton Fire,100,CA,14,Unidentified,328,16,36,30,7,1015,0
502,3876,2016,Monterey,27,5/22/2016,5/25/2016,1,36.38123,-121.20059,TRUE,"Metz Rd & Blue Jay Ln, southeast of Soledad",Metz Fire,100,CA,5,Debris,0,5,20,14,8,1019,0
504,2944,2016,Fresno,10,7/1/2016,7/5/2016,0,36.0749,-120.452041,TRUE,"Curry Mountain, 7 miles SW of Coalinga",Curry Fire,100,CA,14,Unidentified,0,20,34,30,8,1010,0
505,2860,2016,Siskiyou,47,6/7/2016,11/8/2016,0,41.623,-123.557,FALSE,15 miles SW of Happy Camp (Siskiyou County),Pony Fire,100,CA,14,Unidentified,0,2,33,24,4,1010,0
508,2575,2016,Lassen,18,9/11/2016,9/22/2016,1,40.3915,-120.7845,TRUE,"off of Willard Creek Road, west of Susanville",Willard Fire,100,CA,14,Unidentified,7,11,25,21,6,1017,0
509,2520,2016,Monterey,27,6/4/2016,6/20/2016,0,36.01542,-121.25029,FALSE,off Mission Creek Rd and Milpitas Rd north of Fort Hunter Liggett,Coleman Fire,100,CA,14,Unidentified,0,15,35,29,3,1013,0
510,2304,2016,Ventura,56,6/30/2016,6/30/2016,0,34.701,-119.144,FALSE,"Near Haddock Campground, 3 miles west of the Pine Mtn Lodge, above Middle Sespe.",Pine Fire,100,CA,14,Unidentified,0,14,26,21,3,1011,0
512,2100,2016,Fresno,10,10/11/2016,10/20/2016,0,36.94536,-119.25959,FALSE,"near Sacata Ridge, located above Pine Flat",Sacata Fire,100,CA,14,Unidentified,0,10,23,18,3,1015,0
522,650,2016,Mono,26,6/25/2016,7/9/2016,0,37.97,-119.14,FALSE,Hwy 395 & Mono Lake,Marina Fire,100,CA,14,Unidentified,0,7,22,18,4,1017,0
523,599,2016,Humboldt,12,8/22/2016,9/4/2016,0,41.28486,-123.82268,TRUE,"off of Hwy 169 & Martin's Ferry Rd, northwest of Weitchpec ",Tully Fire,100,CA,7,Arson,3,-2,33,22,3,1014,0.1
526,518,2016,Kern,15,8/26/2016,8/29/2016,0,35.2013,-118.7212,FALSE,"off Deer Trail Dr & Hwy 223, 6 miles east of Arvin",Range Fire,100,CA,14,Unidentified,0,10,33,26,5,1012,0
530,400,2016,Yuba,58,8/18/2016,8/18/2016,0,36.16965,-121.38775,FALSE,"off of Hammonton Smartsville Rd and Doolittle Rd, near Beale AFB ",Beale Fire,100,CA,14,Unidentified,0,14,34,26,3,1010,0
540,304,2016,Kern,15,8/28/2016,8/28/2016,0,35.4976,-118.5097,FALSE,south of Lake Isabella,Havilah Fire,100,CA,7,Arson,0,16,32,27,5,1015,0
545,248,2016,Plumas,32,9/26/2016,10/6/2016,0,39.92,-121.32,FALSE,north of Hwy 70 and west of Jackass Creek Road ,Tobin Fire,100,CA,14,Unidentified,0,15,30,24,13,1020,0
547,221,2016,Kern,15,7/13/2016,7/14/2016,0,35.68313,-118.21793,FALSE,"off Coyote Trail & Rocky Hill, East of Onyx",Onyx Fire,100,CA,14,Unidentified,0,12,29,25,8,1013,0
549,215,2016,Lake,17,6/26/2016,6/28/2016,0,39.12366,-122.50373,TRUE,"Near Indian Valley Reservoir, 7 miles Southwest of Leesville",Reservoir Fire,100,CA,14,Unidentified,0,17,35,31,10,1014,0
551,210,2016,Amador,3,6/17/2016,6/21/2016,0,38.26874,-120.90265,TRUE,"off Camanche Parkway North & Coal Mine Road, south of Ione",Camanche Fire,100,CA,14,Unidentified,0,10,28,23,4,1018,0
559,150,2016,Del Norte,8,9/13/2016,9/17/2016,0,37.75972,-120.029626,FALSE,"off Old Yosemite Rd, 8 miles east of Greeley Hill",Old Fire,100,CA,14,Unidentified,0,9,20,15,2,1010,0
563,145,2016,Fresno,10,7/4/2016,7/7/2016,0,36.14161,-120.62048,FALSE,"Hwy 198 and Frame Ln, 14 miles west of Coalinga",Frame Fire,100,CA,7,Arson,0,19,33,29,10,1016,0
572,120,2016,Stanislaus,50,6/7/2016,6/9/2016,0,37.17072,-121.42238,FALSE,"Henry W. Coe State Park, Del Puerto Canyon, 20 miles west of Gustine (Stanislaus Co.)",Coe Fire,100,CA,14,Unidentified,0,13,29,23,6,1012,0
575,103,2016,Madera,20,7/4/2016,7/6/2016,0,37.25601,-119.65776,FALSE,"Hwy 41 and Hummingbird Ln, One mile east of Coarsgold",Broken Fire,100,CA,14,Unidentified,0,9,32,27,4,1016,0
578,100,2016,Kern,15,8/4/2016,8/7/2016,0,35.24504,-118.60344,FALSE,"off Hwy 58 and Hart Flat Rd, Tehachapi ",Hart Fire,100,CA,14,Unidentified,0,19,30,26,14,1012,0
582,95,2016,San Benito,35,7/9/2016,7/10/2016,0,5487,-120.841536,FALSE,"off of New Idria Rd & Panoche Rd, south of Mercey Hot Springs ",Mercury Fire,100,CA,9,Miscellaneous,0,0,0,0,1,1,0
592,85,2016,Madera,20,8/4/2016,8/6/2016,0,37.3228,-119.7738,FALSE,"off of Grub Gulch Road and Acton Grade Road, west of Oakhurst",Grub Fire,100,CA,14,Unidentified,0,10,33,26,5,1013,0
594,84,2016,Yolo,57,7/15/2016,7/15/2016,0,38.8866,-122.04726,FALSE,"off County Road 86 & County Road 6, west of Dunnigan",Dunnigan Fire,100,CA,9,Miscellaneous,0,16,40,33,2,1013,0
608,70,2016,Monterey,27,6/18/2016,6/20/2016,0,36.2833,-121.3306,FALSE,"Arroyo Seco Rd &  Elm Ave, E of Greenfield",Arroyo Fire,100,CA,10,Vehicle,0,12,28,24,6,1019,0
610,69,2016,Lake,17,7/19/2016,7/22/2016,0,39.0863,-122.7891,TRUE,"off Foothill Drive, community of Lucerne",Foothill Fire,100,CA,14,Unidentified,0,15,33,27,7,1014,0
612,61,2016,Kern,15,6/11/2016,6/12/2016,0,35.77135,-120.251,FALSE,"off Highway 41, one mile east of the county line",Cotton Fire,100,CA,14,Unidentified,0,17,30,26,5,1013,0
617,52,2016,Monterey,27,6/23/2016,6/24/2016,0,36.1934,-120.9293,FALSE,East of King City,Lowe Fire,100,CA,9,Miscellaneous,0,12,33,27,10,1016,0
618,50,2016,Mendocino,23,9/10/2016,9/15/2016,0,39.7299,-123.5044,FALSE,"off of Hwy 101 and Woodruff Rd, north of Laytonville",Ruff Fire ,100,CA,14,Unidentified,0,9,30,22,2,1016,0
619,50,2016,San Bernardino,36,9/7/2016,9/9/2016,0,34.3183,-117.3189,FALSE,"off of Hwy 138 & Los Flores Rd, south of Hesperia",Spring Fire,100,CA,14,Unidentified,0,19,32,28,2,1010,0
620,50,2016,El Dorado,9,7/22/2016,7/23/2016,0,38.79549,-121.00299,TRUE,off Storksbill Rd in Pilot Hill ,Storksbill Fire,100,CA,14,Unidentified,0,15,32,27,7,1013,0
628,45,2016,Lake,17,8/9/2016,8/10/2016,0,36.09974,-120.51057,FALSE,"off of Kugelman St and Hwy 53, community of Lower Lake",Kugelman Fire,100,CA,14,Unidentified,0,18,31,26,8,1010,0
641,36,2016,Mendocino,23,8/30/2016,8/31/2016,0,39.8748511,-123.4267011,FALSE,"off Mina Rd & Trinity County Line, 12 miles northeast of Covelo",Mina Fire,100,CA,14,Unidentified,0,7,24,14,6,1016,0
642,36,2016,Lake,17,8/9/2016,8/10/2016,0,38.68403,-122.26015,FALSE,"Berryessa Knoxville Rd & East Side Rd, north of Lake Berryessa",Knoxville Fire,100,CA,14,Unidentified,0,12,34,27,6,1009,0
650,32,2016,Sacramento,34,6/3/2016,6/3/2016,0,38.3131,-121.06452,FALSE,off Highway 104 and Clay East Road near Herald,Clay Fire,100,CA,2,Equipment Use,0,16,38,31,4,1016,0
654,30,2016,Inyo,14,7/1/2016,7/2/2016,0,36.58972,-118.15589,FALSE,"Whitney Portal Rd. and OlivasRanch Rd., 3 miles West of Lone Pine",Lone Pine Fire,100,CA,14,Unidentified,0,21,28,25,5,1011,0.2
660,30,2016,Merced,24,4/24/2016,4/24/2016,0,37.2171,-121.08036,FALSE,"I-5 & Taglio Road, east of Gustine",Taglio Fire,100,CA,14,Unidentified,0,9,23,18,9,1019,0
671,25,2016,Monterey,27,5/12/2016,5/12/2016,0,35.8378273,-121.0381507,FALSE,"Bryson-Hesperia Rd & Interlake Rd, west of Bradley ",Bryson Fire,100,CA,14,Unidentified,0,13,25,20,6,1016,0
683,10,2016,Tulare,54,10/20/2016,12/19/2016,0,36.217,-118.551,FALSE,Jacobson Drainage in the Golden Trout Wilderness,Jacobson Fire,100,CA,14,Unidentified,0,13,27,21,5,1021,0
684,0,2016,Alpine,2,8/18/2016,8/30/2016,0,38.57554,-120.00606,FALSE,Mokelumne Wilderness,Mokelumne Fire,100,CA,14,Unidentified,0,11,18,16,4,1012,0
692,83733,2017,Lassen,18,7/11/2017,1/9/2018,0,40.07045,-120.14013,FALSE,"off Hwy 395 and Cowboy Joe Rd, 3 miles north of Doyle",Long Valley Fire,100,CA,14,Unidentified,0,9,27,22,6,1012,0
694,81826,2017,Mariposa,22,7/16/2017,1/9/2018,0,37.61757,-120.21321,TRUE,"Detwiler Rd and Hunters Valley Rd, 2 miles east of Lake McClure",Detwiler Fire,100,CA,14,Unidentified,152,22,37,32,6,1015,0
695,78698,2017,Siskiyou,47,8/15/2017,1/9/2018,0,41.841,-123.474,FALSE,"5 miles W of Happy Camp, CA",Eclipse Complex,100,CA,14,Unidentified,0,8,27,22,3,1012,0
700,48889,2017,Kings,16,7/9/2017,1/9/2018,0,35.93273,-120.20014,TRUE,"Tar Canyon Road, near Avenal",Garza Fire,100,CA,14,Unidentified,1,23,41,36,6,1013,0
701,39715,2017,Siskiyou,47,8/14/2017,1/9/2018,0,42.039,-123.218,FALSE,"17 miles east of Cave Junction, Oregon",Miller Complex,100,CA,14,Unidentified,0,11,25,20,5,1014,0
708,21846,2017,Trinity,53,8/30/2017,1/9/2018,0,40.76025,-123.10003,FALSE,"Hwy 299 near town of Helena, Junction City",Helena - Fork Fire,100,CA,14,Unidentified,0,14,31,24,2,1014,0
709,18900,2017,Tulare,54,9/27/2017,1/9/2018,0,36.27138,-118.48555,FALSE,Golden Trout Wilderness near Lion Meadow.,Lion Fire,100,CA,14,Unidentified,0,15,22,20,12,1015,0
710,18618,2017,Lassen,18,8/30/2017,1/9/2018,0,40.69573,-119.93499,FALSE,23 miles east-southeast of Madeline,R-4 Fire,100,CA,14,Unidentified,0,14,30,25,6,1013,0
716,12407,2017,Madera,20,8/29/2017,1/9/2018,0,37.44663,-119.64622,FALSE,"Highway 41, south of Fish Camp",Railroad Fire,100,CA,14,Unidentified,0,19,37,30,9,1014,0.1
717,10343,2017,Fresno,10,5/18/2017,1/9/2018,0,36.12089,-120.37116,TRUE,"off of Hwy 198 & Fire Stone, south of Coalinga",Elm Fire,100,CA,14,Unidentified,0,11,24,20,9,1015,0
724,7194,2017,Los Angeles,19,9/1/2017,1/9/2018,0,34.22957,-118.2674,FALSE,"Lowell Ave and I-210, Verdugo Hills, Los Angeles City",La Tuna Fire ,100,CA,14,Unidentified,0,26,42,37,2,1010,0.7
725,7000,2017,Mariposa,22,8/14/2017,1/9/2018,0,37.538,-119.598,FALSE,"off Wawona Rd, east of Wawona",South Fork Fire,100,CA,14,Unidentified,0,11,20,17,4,1012,0
731,5738,2017,Fresno,10,4/20/2017,1/9/2018,0,36.07228,-120.26561,TRUE,Off of Hwy 33 and Lost Hills south of Coalinga,Jayne Fire,100,CA,14,Unidentified,0,11,21,17,13,1024,0
733,4736,2017,Trinity,53,8/7/2017,1/9/2018,0,40.17598,-123.36882,FALSE,"Dutchman Rd, east of Zenia",Ruth Complex,100,CA,14,Unidentified,0,12,32,25,3,1014,0
734,4310,2017,Plumas,32,7/29/2017,1/9/2018,0,39.9034,-120.9761,FALSE,"Forest Road 24N26, 3 miles southwest of Quincy (Plumas County)",Minerva Fire,100,CA,14,Unidentified,0,16,32,27,6,1014,0
738,3142,2017,Siskiyou,47,8/7/2017,1/9/2018,0,41.853,-123.676,FALSE,"Siskiyou Wilderness, Six Rivers NF",Young Fire,100,CA,14,Unidentified,0,17,24,21,5,1016,0
739,2940,2017,Kern,15,7/7/2017,1/9/2018,0,35.77896,-118.89627,FALSE,"Hwy 155, north of Bakersfield",Hawk Fire,100,CA,14,Unidentified,0,22,43,37,3,1016,0
741,2575,2017,Plumas,32,9/5/2017,1/9/2018,0,39.75312,-120.75485,FALSE,McRae Meadows,Eureka Fire,100,CA,14,Unidentified,0,14,34,26,4,1013,0
746,2207,2017,Lake,17,10/8/2017,2/9/2018,0,39.01387,-122.64543,TRUE,"off Hwy 20 and Sulphur Bank Road, Clearlake Oaks",Sulphur Fire (Mendocino Lake Complex),100,CA,14,Unidentified,170,13,26,21,9,1011,0
751,1800,2017,Merced,24,5/12/2017,1/9/2018,0,36.96655,-120.89261,FALSE,"Hwy 152 and Arburura Road, southwest of Los Banos",Wright Fire,100,CA,14,Unidentified,0,11,22,18,12,1020,0
757,1538,2017,Fresno,10,7/2/2017,1/9/2018,0,36.269125,-120.620791,TRUE,"off Los Gatos Creek Rd, west of Coalinga",Derrick Fire,100,CA,14,Unidentified,0,17,31,27,8,1012,0
761,1350,2017,Kern,15,7/30/2017,1/9/2018,0,35.543,-118.654,FALSE,"1/2 mile west of USFS Democrat Fire Station, Kern River Ranger District",Garden Fire,100,CA,14,Unidentified,0,19,34,30,5,1016,0
763,1319,2017,Kern,15,9/1/2017,1/9/2018,0,35.76,-118.406,FALSE,"Kernville Rd. x Sierra Way, 6 miles north of Lake Isabella",Caldwell Fire,100,CA,14,Unidentified,0,20,30,27,12,1013,2.2
767,1083,2017,Kern,15,7/18/2017,1/9/2018,0,34.94373,-119.44751,FALSE,"Hudson Ranch Rd. and Hwy 166, south of Maricopa",Hudson Fire,100,CA,14,Unidentified,0,23,35,31,5,1012,0
769,1035,2017,Madera,20,9/3/2017,1/9/2018,0,37.21616,-119.48067,TRUE,"Mission Dr. and Italian Bar Rd., 2 miles east of North Fork",Mission Fire,100,CA,14,Unidentified,4,26,37,32,8,1015,0
772,995,2017,Shasta,45,9/12/2017,1/9/2018,3,40.98352,-121.81623,TRUE,"off of Baker Rd, east of Big Bend",Berry Fire,100,CA,14,Unidentified,0,16,32,26,4,1014,0.9
778,821,2017,Nevada,29,10/9/2017,2/9/2018,0,39.24549,-121.12792,TRUE,"near Lone Lobo Trail, Rough and Ready",Lobo Fire (Wind Complex),100,CA,14,Unidentified,50,12,25,19,27,1017,0
784,680,2017,Mariposa,22,9/3/2017,1/9/2018,0,37.37397,-119.83556,TRUE,"Indian Peak Rd and Usona Rd, 9 miles southeast of Mariposa",Peak Fire,100,CA,14,Unidentified,2,20,37,30,8,1015,0
786,630,2017,Mariposa,22,6/28/2017,1/9/2018,0,37.3762,-119.9646,TRUE,off Ben Hur Road and Silver Bar Road,Ben Fire,100,CA,14,Unidentified,0,9,31,25,5,1013,0
787,562,2017,Modoc,25,6/28/2017,1/9/2018,0,41.85763,-121.29581,FALSE,"Hwy 139 south of Newell, east of Tule Lake",Battle Fire,100,CA,14,Unidentified,0,7,25,20,5,1014,0
788,545,2017,Riverside,33,8/14/2017,1/9/2018,0,33.95036,-116.88066,TRUE,Misa Canyon Road and Bluff Street,Mias Fire,100,CA,14,Unidentified,0,15,26,23,4,1011,0
789,530,2017,Lassen,18,8/6/2017,1/9/2018,0,41.11989,-120.74968,FALSE,"Ash Valley, 6 miles west of Madeline",W-2 Fire,100,CA,14,Unidentified,0,13,28,23,5,1014,0
792,469,2017,Siskiyou,47,7/5/2017,1/9/2018,0,41.3975,-122.8428,TRUE,"Highway 3 & Fay Lane, south of Etna",Fay Fire,100,CA,14,Unidentified,0,14,31,26,11,1016,0
795,450,2017,Fresno,10,6/11/2017,1/9/2018,0,36.616986,-120.369347,FALSE,"off South Monterey Ave. & W South Ave., near Tranquillity ",Monterey Fire,100,CA,14,Unidentified,0,11,23,19,16,1013,0
801,410,2017,Modoc,25,7/13/2017,1/9/2018,0,41.72163,-121.30451,FALSE,"off Hwy 139, 7 miles North of Tionesta",Dode Fire,100,CA,14,Unidentified,0,9,30,25,2,1017,0
804,392,2017,Nevada,29,8/30/2017,1/9/2018,1,39.34292,-121.12004,TRUE,"Off Hwy 49 & Pleasant Valley Rd, south of North San Juan  ",Pleasant Fire,100,CA,14,Unidentified,1,20,34,29,7,1013,0
807,370,2017,Mono,26,11/13/2017,1/9/2018,0,38.46111,-119.48284,FALSE,"Hwy 395, north of Hwy 108, Walker Watershed, south of Walker",Chris Fire,100,CA,14,Unidentified,0,0,9,5,14,1021,0
811,339,2017,Tulare,54,6/7/2017,1/9/2018,4,36.45809,-118.87676,TRUE,"off of Dinely Drive in Three Rivers, northeast of Lake Kaweah",Dinely Fire,100,CA,14,Unidentified,0,16,33,28,4,1012,0
813,325,2017,San Bernardino,36,8/3/2017,1/9/2018,0,34.08492,-117.03826,TRUE,"Bryant Street at Hwy 38, City of Yucaipa",Bryant Fire,100,CA,14,Unidentified,0,23,32,28,1,1014,0
814,319,2017,Del Norte,8,7/19/2017,1/9/2018,0,41.478,-123.506,FALSE,"Orleans Rd, Six River National Forest",Marble Fire,100,CA,14,Unidentified,0,-2,29,21,4,1019,0
815,300,2017,Riverside,33,12/7/2017,1/9/2018,0,33.59257,-117.14979,FALSE,"Los Alamos Rd & Liberty Rd, city of Murrieta",Liberty Fire,100,CA,14,Unidentified,0,11,21,16,16,1025,0
818,255,2017,San Diego,37,7/22/2017,4/12/2018,0,33.34659,-116.66107,FALSE,"off of Hwy 79, 4 miles north of Warner Springs",Lost Fire,100,CA,14,Unidentified,0,18,37,32,10,1010,0
825,225,2017,San Luis Obispo,40,5/15/2017,1/9/2018,0,35.21177,-119.87525,FALSE,off of Soda Lake,Arrow Fire,100,CA,14,Unidentified,0,9,18,15,5,1012,0
826,206,2017,Kern,15,6/10/2017,1/9/2018,0,35.59804,-118.47939,FALSE,5 miles south of Lake Isabella,Bodfish Fire,100,CA,14,Unidentified,0,-1,19,11,13,1010,0
828,200,2017,Lake,17,9/12/2017,1/9/2018,0,39.44543,-122.85194,FALSE,"Skeleton Glade, 5 miles east of Lake Pillsbury ",Skeleton Fire,100,CA,14,Unidentified,0,15,33,26,4,1013,1
833,190,2017,Santa Barbara,42,5/20/2017,1/9/2018,0,34.9465,-119.8036,FALSE,"Wasioja Road and Hwy 166, east of New Cuyama ",Wasioja Fire,100,CA,14,Unidentified,0,16,30,26,1,1014,0
834,186,2017,Plumas,32,8/20/2017,1/9/2018,0,39.9864,-120.89746,FALSE,"Tollgate Creek and Oakland Camp Road, north of Quincy",Toll Fire,100,CA,14,Unidentified,0,15,33,25,5,1013,0
835,186,2017,Fresno,10,6/11/2017,1/9/2018,0,36.704679,-120.405077,FALSE,"Jensen Ave at Ohio Ave, Mendota",Wild Fire,100,CA,14,Unidentified,0,11,23,19,16,1013,0
837,183,2017,Kern,15,10/12/2017,1/9/2018,0,35.19008,-118.76152,FALSE,"off Hwy 223, east of Arvin ",Quarry Fire,100,CA,14,Unidentified,0,3,21,14,5,1014,0
839,170,2017,San Bernardino,36,7/23/2017,1/9/2018,0,34.41204,-117.03031,TRUE,"off High Rd & Santa Rosa Rd, Lucerne Valley",High Fire,100,CA,14,Unidentified,0,24,34,31,6,1010,0
843,157,2017,Lassen,18,8/26/2017,1/9/2018,0,40.80968,-120.48641,FALSE,"off Termo Grasshopper Rd., northwest of Ravendale",Peg Fire,100,CA,14,Unidentified,0,12,31,25,2,1016,0
852,150,2017,San Bernardino,36,4/30/2017,1/9/2018,0,34.30104,-117.45646,FALSE,"Cleghorn Road, east of I-15, north of the community of Devore",Tower Fire,100,CA,14,Unidentified,0,11,27,23,2,1018,0
865,126,2017,Fresno,10,4/29/2017,1/9/2018,0,36.5355,-120.6585,FALSE,"Panoche Rd, 5 miles west of I-5",Tumey Fire,100,CA,14,Unidentified,0,11,26,21,12,1018,0
866,125,2017,Mariposa,22,8/13/2017,1/9/2018,0,37.62823,-120.30046,FALSE,Merced Falls Rd and Coronado Rd in Lake McClure,Coronado Fire,100,CA,14,Unidentified,0,17,34,28,6,1014,0
883,100,2017,Lake,17,10/14/2017,1/9/2018,0,39.0199,-122.57487,FALSE,"off Hwy 20 & Long Valley Rd, 5 miles east of Clearlake Oaks",Long Fire,100,CA,14,Unidentified,0,10,25,19,11,1020,0
894,87,2017,Lake,17,10/6/2017,1/9/2018,0,39.15016,-122.576,TRUE,"Bartlett Springs, community of Clearlake",Ridge Fire,100,CA,14,Unidentified,0,17,31,26,3,1015,0
896,85,2017,Riverside,33,8/31/2017,1/9/2018,0,117.337331,34.015742,FALSE,Marlborough ave and Northgate street,Marlborough Fire,100,CA,14,Unidentified,0,0,0,0,1,1,0
897,85,2017,Humboldt,12,8/3/2017,1/9/2018,0,40.11794,-123.76099,FALSE,"Off Alderpoint Rd & Lower Sawmill Rd, east of Garberville",Saw Fire,100,CA,14,Unidentified,0,15,20,18,3,1014,0
898,85,2017,San Bernardino,36,7/22/2017,1/9/2018,0,34.20152,-117.14466,FALSE,"off Hwy 330 & Old City Creek Rd, southwest of Running Springs",Dollar Fire,100,CA,14,Unidentified,0,22,34,31,5,1011,0
903,79,2017,Plumas,32,9/3/2017,1/9/2018,0,40.13278,-120.9204,FALSE,"Hwy 89, ¼ mile north of Crescent Mills",Mills File,100,CA,14,Unidentified,0,18,35,28,1,1016,0
904,79,2017,Tulare,54,5/31/2017,1/9/2018,0,35.89423,-119.00334,FALSE,"off Avenue 56 & Road 256, 2 miles east of Ducor",Fountain Fire ,100,CA,14,Unidentified,0,17,25,21,11,1011,0
907,76,2017,Nevada,29,10/9/2017,2/9/2018,0,39.19325,-121.08406,TRUE,"McCourtney Rd and Hwy 20, Grass Valley",McCourtney Fire (Wind Complex),100,CA,14,Unidentified,15,13,27,21,23,1016,0
914,70,2017,San Luis Obispo,40,8/2/2017,1/9/2018,0,35.4403,-120.2913,FALSE,"Hwy 58 near Camatta Creek Rd, east of Santa Margarita",Camatta Fire,100,CA,14,Unidentified,0,21,32,28,6,1012,0.7
917,70,2017,Fresno,10,5/19/2017,1/9/2018,0,36.60736,-120.5828,FALSE,"Interstate 5 and Manning Avenue, north of Coalinga",Manning Fire,100,CA,14,Unidentified,0,14,32,27,3,1015,0
923,63,2017,Mariposa,22,6/15/2017,1/9/2018,0,37.36914,-120.0088,FALSE,west of  Westfall Road and north of Whiterock Road,Westfall Fire,100,CA,14,Unidentified,0,9,30,25,8,1015,0
924,62,2017,San Diego,37,8/26/2017,1/9/2018,0,33.20988,-116.46989,FALSE,"Montezuma Valley Rd., near the Community of Borrego Springs.",Montezuma Fire,100,CA,14,Unidentified,0,18,39,33,6,1010,0
925,62,2017,Lake,17,8/8/2017,1/9/2018,0,38.94599,-122.81135,TRUE,Bottle Rock Rd and Highway 29 in Kelseyville,Bottle Fire,100,CA,14,Unidentified,0,17,35,30,4,1014,0
927,60,2017,Tehama,52,6/18/2017,1/9/2018,0,40.32063,-122.83208,FALSE,"Hwy 36 West, off Tedoc Roadd, west of Platina",Bolla Fire,100,CA,14,Unidentified,0,8,31,26,5,1016,0
931,58,2017,Lake,17,9/12/2017,1/9/2018,0,39.42604,-123.03344,FALSE,"Elk Mountain Rd, west of Lake Pillsbury",Slides Fire,100,CA,14,Unidentified,0,15,33,26,4,1013,1
932,58,2017,Tulare,54,7/18/2017,1/9/2018,0,36.64404,-118.99944,FALSE,"off of Hogback Rd and Whitaker Forest Dr, Badger",Hogback Fire,100,CA,14,Unidentified,0,17,36,30,5,1013,0
944,50,2017,Kern,15,10/26/2017,1/9/2018,0,35.21556,-118.56578,FALSE,"Hwy 58 and Keene Ranch Rd, community of Keene",Tank Fire,100,CA,14,Unidentified,0,14,25,21,8,1012,0
946,50,2017,Los Angeles,19,10/17/2017,1/9/2018,0,34.22551,-118.05545,FALSE,off Mount Wilson Circle near the Mount Wilson Observatory ,Wilson Fire,100,CA,14,Unidentified,0,22,31,28,5,1017,0
948,50,2017,Kern,15,8/5/2017,1/9/2018,0,35.70639,-118.47307,FALSE,"Old State Rd & Dollar Rd, Wofford Heights",Calgary Fire,100,CA,14,Unidentified,0,17,28,24,5,1013,0
956,47,2017,San Benito,35,11/25/2017,1/9/2018,0,36.38109,-121.00391,FALSE,Airline Hwy and Bitterwater Road,Bitterwater Fire,100,CA,14,Unidentified,0,10,28,20,6,1016,0
963,45,2017,Shasta,45,4/3/2017,1/9/2018,0,40.48712,-121.85645,FALSE,"Grace Resort Rd and Bluebush Way, 2 miles SE of the Community of Shingletown",Grace Fire,100,CA,14,Unidentified,0,8,18,13,10,1018,0
965,43,2017,Tehama,52,11/2/2017,1/9/2018,0,39.81517,-122.28165,FALSE,"Roser Rd & Sour Grass Rd, 6 miles NW of Orland",Roser Fire,100,CA,14,Unidentified,0,10,20,16,3,1014,0
967,42,2017,Monterey,27,6/29/2017,1/9/2018,0,35.96275,-121.08753,FALSE,off San Lucas Rd and Martinez Rd,Lockwood Fire,100,CA,14,Unidentified,0,16,31,26,5,1014,0
969,42,2017,Modoc,25,6/3/2017,1/9/2018,0,41.38247,-120.53443,FALSE,"Off Hwy 395, south of Alturas",Jones Fire,100,CA,14,Unidentified,0,10,23,21,5,1013,0
972,41,2017,Kern,15,5/14/2017,1/9/2018,0,35.05076,-118.90004,FALSE,"Sabastian Rd and Wheeler, southeast of Arvin ",Feed Fire,100,CA,14,Unidentified,0,0,21,14,7,1010,0
977,40,2017,Kern,15,9/29/2017,1/9/2018,0,35.59302,-118.46734,FALSE,"Todd Ct and Brick Dr, east of Lake Isabella",Lakewood Fire,100,CA,14,Unidentified,0,15,23,20,3,1014,0
979,40,2017,Humboldt,12,8/28/2017,1/9/2018,0,41.02705,-123.63721,FALSE,"Tish Tang Road and Hostler, Hoopa",Translator Fire,100,CA,14,Unidentified,0,17,38,29,6,1016,0
980,40,2017,Tehama,52,8/26/2017,1/9/2018,0,40.29831,-122.70449,FALSE,"Hwy 36 and Vestal Road, west of Red Bluff",Vestal Fire,100,CA,14,Unidentified,0,19,39,33,5,1014,0
989,36,2017,Mariposa,22,7/7/2017,1/9/2018,0,37.65963,-120.34802,FALSE,"Banderilla Dr & Hidalgo St, north of Hayward",Banderilla Fire,100,CA,14,Unidentified,0,21,40,33,7,1018,0
999,34,2017,Humboldt,12,8/31/2017,1/9/2018,0,40.03697,-123.64214,FALSE,"Miller Ranch road x Bell Springs road, 10 miles NE Leggett ",Miller Fire,100,CA,14,Unidentified,0,15,25,21,18,1014,0
1003,33,2017,Kern,15,6/4/2017,1/9/2018,0,35.60633,-118.4642,FALSE,"off Erskine Creek Rd and Pasadena Ln, southwest of Lake Isabella",Creek Fire ,100,CA,14,Unidentified,0,10,28,20,5,1011,0
1004,32,2017,Trinity,53,8/2/2017,1/9/2018,0,40.804,-123.375,FALSE,"North of Hwy 299, west of Del Loma",Sandy Fire,100,CA,14,Unidentified,0,20,39,34,5,1013,0
1007,32,2017,Monterey,27,6/16/2017,1/9/2018,0,35.90092,-120.93371,TRUE,"Jolon Rd and Frudden Rd, near Lockwood",Shore Fire,100,CA,14,Unidentified,0,18,33,29,10,1015,0
1008,32,2017,Monterey,27,6/11/2017,1/9/2018,0,35.902149,-120.983684,FALSE,"New Pleyto Road cross of Stern st, Lockwood",Pleyto Fire,100,CA,14,Unidentified,0,10,19,16,14,1014,0
1010,31,2017,Fresno,10,8/23/2017,1/9/2018,0,36.099681,-120.443545,FALSE,"off of Highway 198 west of Parsons Road, Coalinga",Juniper Fire,100,CA,14,Unidentified,0,21,32,28,8,1015,0
1011,31,2017,Kern,15,5/12/2017,1/9/2018,0,35.60001,-118.4683,FALSE,"Red Hill Road and Schick Road, 2 miles east of Lake Isabella",Hub Fire,100,CA,14,Unidentified,0,1,15,10,9,1016,0
1012,30,2017,Los Angeles,19,8/31/2017,3/22/2018,0,34.52055,-118.62882,FALSE,"I-5, north of Hughes Rd., 2 miles north of Lake Hughes",Castaic Fire,100,CA,14,Unidentified,0,28,38,35,8,1010,0
1013,30,2017,Humboldt,12,8/3/2017,1/9/2018,0,40.27582,-123.64281,FALSE,"Off Alderpoint Rd and Cemetery Rd, Blocksburg",Blocksburg Fire,100,CA,14,Unidentified,0,15,20,18,3,1014,0
1027,25,2017,San Luis Obispo,40,9/23/2017,1/9/2018,0,35.76343,-121.04445,FALSE,"Lynch Canyon Rd & Lakeview Rd, northwest of Lake Nacimiento",Cove Fire,100,CA,14,Unidentified,0,12,22,19,8,1012,0
1034,23,2017,Riverside,33,10/10/2017,1/9/2018,0,33.50488,-117.02132,FALSE,"De Portola Road east of Pauba Road, Temecula",Portola Fire,100,CA,14,Unidentified,0,12,27,23,11,1015,0
1037,22,2017,Napa,28,6/13/2017,1/9/2018,0,38.68347,-122.2654,TRUE,"Knoxville Rd and Eastside Rd, north end of Lake Berryessa ",Refuge Fire,100,CA,14,Unidentified,0,8,27,23,6,1019,0
1039,21,2017,Lake,17,9/5/2017,1/9/2018,0,39.01748,-122.49327,FALSE,"Off Hwy 20 and Mule Skinner Road, east of Clearlake ",Mule Fire,100,CA,14,Unidentified,0,19,35,29,5,1012,0
1040,21,2017,Tulare,54,7/5/2017,1/9/2018,0,36.10858,-118.81979,FALSE,"Globe Dr, Springville",Globe Fire,100,CA,14,Unidentified,0,21,39,34,6,1014,0
1052,20,2017,Kings,16,5/18/2017,1/9/2018,0,35.983,-119.91508,FALSE,"off of Hwy 41 & I-5, south of Kettleman City",City Fire,100,CA,14,Unidentified,0,11,28,23,3,1015,0
1057,19,2017,Humboldt,12,8/1/2017,1/9/2018,0,40.39799,-123.57562,FALSE,"Swayback Ridge, 5 southwest of Mad River",Sway Fire,100,CA,14,Unidentified,0,16,39,33,1,1016,0
1063,18,2017,Fresno,10,5/28/2017,1/9/2018,0,36.61332,-120.7109,FALSE,off Panoche Rd. 4 miles W of I-5 (Fresno County). ,Panoche Fire,100,CA,14,Unidentified,0,15,33,27,11,1018,0
1065,17,2017,Mariposa,22,10/3/2017,1/9/2018,0,37.41231,-119.87465,FALSE,"Ramblin Road and Mount Lilac Road, 4 miles south of Bootjack",Ramblin Fire,100,CA,14,Unidentified,0,3,17,12,7,1009,0
1066,17,2017,Shasta,45,8/17/2017,1/9/2018,0,40.92602,-121.5935,TRUE,HWY 299 just south of HWY 89 near Cassel,Corner Fire,100,CA,14,Unidentified,0,15,35,28,5,1017,0
1069,17,2017,Monterey,27,5/17/2017,1/9/2018,0,36.2771,-120.94328,TRUE,"Lonoak Road and Airline Road, east of King City",Lonoak Fire,100,CA,14,Unidentified,0,5,22,16,11,1018,0
1074,15,2017,Tehama,52,8/10/2017,1/9/2018,0,39.87983,-122.5415,FALSE,Round Valley Rd and Paskenta Rd in Paskenta ,Paskenta Fire ,100,CA,14,Unidentified,0,18,37,32,4,1014,0
1077,15,2017,Monterey,27,6/28/2017,1/9/2018,0,35.947,-120.87492,FALSE,Alvarado Rd and Wunpost in the community of Bradley,Alvarado Fire,100,CA,14,Unidentified,0,15,30,26,7,1013,0
1097,10,2017,Mariposa,22,9/20/2017,1/9/2018,0,37.76888,-120.15846,FALSE,"Dexter Rd and Pine Lake Dr, 5 miles east of Coulterville",Dexter Fire,100,CA,14,Unidentified,0,12,23,19,6,1014,0
1098,10,2017,Fresno,10,9/11/2017,1/9/2018,0,37.10067,-119.32109,FALSE,"Indian Rock Rd and Musick Creek Lane, Community of Shaver Lake",Shaver Fire,100,CA,14,Unidentified,0,13,24,20,11,1016,0
1099,10,2017,Amador,3,8/28/2017,1/9/2018,0,38.34421,-120.72274,FALSE,"Butte Mountain road, 3 miles east of Jackson",Sandra Fire,100,CA,14,Unidentified,0,25,41,36,7,1014,0
1100,10,2017,Los Angeles,19,8/3/2017,1/9/2018,0,34.23925,-117.85182,FALSE,"off Hwy 39 & East Fork Ave, north of Azusa",Rincon Fire,100,CA,14,Unidentified,0,27,31,29,6,1014,0
1117,0,2017,Mariposa,22,9/7/2017,1/9/2018,0,37.73596,-119.78256,FALSE,Hwy 120 and Big Oak Flat Road near Foresta,Rattlesnake Fire,100,CA,14,Unidentified,0,11,20,17,5,1015,0
1118,0,2017,Siskiyou,47,7/25/2017,1/9/2018,0,41.702,-123.508,FALSE,"Clear Creek Drainage, 7 miles southwest of Happy Camp (Siskiyou County)",Clear Complex (merged into Eclipse Complex),100,CA,14,Unidentified,0,11,36,26,5,1013,0
1124,0,2017,Siskiyou,47,6/25/2017,1/9/2018,0,41.841,-123.474,FALSE,"14 miles west of Etna, California in the Marble Mountain Wilderness",Salmon-August Complex ,100,CA,14,Unidentified,0,12,34,27,3,1015,0
1137,96901,2018,Mariposa,22,7/13/2018,1/4/2019,0,37.6549,-119.88581,FALSE,"Highway 140 and Hite Cove, near El Portal",Ferguson Fire,100,CA,14,Unidentified,0,14,24,22,5,1017,0
1138,90288,2018,Napa,"28,57",6/30/2018,1/4/2019,1,38.80583,-122.18183,TRUE,east of Lake Berryessa,County Fire,100,CA,14,Unidentified,29,24,40,35,15,1011,0
1140,63311,2018,Shasta,"45,53",9/5/2018,1/4/2019,0,40.9425,-122.43,FALSE,"I-5 and Lamoine, 2 miles NW of Lakehead ",Delta Fire,100,CA,14,Unidentified,42,16,34,29,6,1013,0
1145,46150,2018,Shasta,45,8/9/2018,1/4/2019,0,40.896,-122.219,TRUE,"off Gilman and Moore Creek Campground, east of Lakehead ",Hirz Fire,100,CA,14,Unidentified,0,16,40,33,6,1016,0
1148,36450,2018,Tuolumne,55,8/1/2018,1/4/2019,0,38.349,-119.929,FALSE,"Near Hwy 108, Donnell Lake area in the Carson Iceburg Wilderness",Donnell Fire,100,CA,14,Unidentified,0,17,30,26,6,1015,0
1150,18703,2018,Lassen,18,7/27/2018,1/4/2019,0,40.633536,-120.868091,FALSE,"off Whaleback Mountain and Antelope Valley Road, West of Spaulding",Whaleback Fire,100,CA,14,Unidentified,0,15,33,28,6,1016,0
1151,15185,2018,Lake,17,6/23/2018,1/4/2019,1,39.0674,-122.59848,TRUE,"Pawnee Rd & New Long Valley Rd, northeast of Clearlake Oaks ",Pawnee Fire,100,CA,14,Unidentified,22,20,37,32,9,1010,0
1160,3716,2018,Tehama,52,6/23/2018,1/4/2019,1,40.35068,-121.77867,TRUE,Off Hwy 36 in Paynes Creek,Lane Fire,100,CA,14,Unidentified,0,19,39,32,9,1014,0
1161,3674,2018,Humboldt,12,8/16/2018,1/4/2019,0,41.07944,-123.688056,FALSE,"Hwy 96 & Mill Creek Road, northeast of the Town of Hoopa",Mill Creek 1 Fire,100,CA,14,Unidentified,0,8,34,25,4,1016,0
1163,2995,2018,Kings,16,8/6/2018,1/4/2019,0,35.97896,-119.98329,FALSE,"off Interstate 5 and Milham Rd, Kettleman Hills area",Five Fire,100,CA,14,Unidentified,0,18,36,30,8,1015,0
1166,2883,2018,Inyo,14,7/8/2018,1/4/2019,0,36.6734,-118.21881,TRUE,"off Hogback and Whitney Portal Road, Alabama Hills",Georges Fire,100,CA,14,Unidentified,0,27,30,28,7,1014,0
1167,2490,2018,Napa,28,9/8/2018,1/4/2019,0,38.69601,-122.44468,TRUE,"off Butts Canyon Rd and Snell Valley Rd, southeast of Middletown",Snell Fire,100,CA,14,Unidentified,0,15,34,27,6,1015,0
1168,2290,2018,Glenn,11,6/9/2018,1/4/2019,0,39.64978,-122.58218,TRUE,"Hwy 162 and Forest Hwy 7, north of Elk Creek",Chrome Fire,100,CA,14,Unidentified,1,13,26,22,9,1015,0
1173,1900,2018,Shasta,45,8/9/2018,1/4/2019,0,40.99344,-121.52225,TRUE,"Hwy 299 east and Fish Hatchery rd, northeast of Burney ",Hat Fire,100,CA,14,Unidentified,0,15,37,31,4,1016,0
1174,1756,2018,Merced,24,5/2/2018,1/4/2019,0,36.85156,-120.77206,FALSE,Interstate 5 and W Nees Ave. south of Los Banos ,Nees Fire,100,CA,14,Unidentified,0,11,24,20,7,1012,0.4
1175,1751,2018,Trinity,53,9/4/2018,1/4/2019,0,40.616251,-123.52019,FALSE,"Kerlin Creek, west of Hyampom",Kerlin Fire,100,CA,14,Unidentified,0,15,32,26,3,1013,0
1181,1314,2018,San Benito,35,6/4/2018,1/4/2019,0,36.40755,-120.99322,TRUE,Coalinga and Airline Highway,Airline Fire,100,CA,14,Unidentified,0,10,31,24,8,1012,0
1182,1265,2018,Inyo,14,4/19/2018,1/3/2019,0,36.71537,-118.08449,TRUE,"Highway 395 and Moffat Ranch Road, north of Lone Pine",Moffat Fire,100,CA,14,Unidentified,0,5,11,8,14,1011,0
1186,1014,2018,Santa Barbara,42,8/19/2018,1/4/2019,0,35.11416667,-120.0922222,FALSE,off Highway 166 and Sierra Madre Road,Front Fire,100,CA,14,Unidentified,0,19,31,26,5,1015,0
1188,972,2018,Mendocino,23,7/31/2018,1/4/2019,0,39.82877,-123.08489,FALSE,"off Indian Dick Road and Mendocino Pass Road, east of Covelo",Eel Fire,100,CA,14,Unidentified,0,14,34,28,5,1015,0
1191,825,2018,Amador,3,7/6/2018,1/4/2019,0,38.42623,-120.95408,TRUE,"off Irish Ridge Road and Carbondale Road, southeast of Plymouth",Irish Fire,100,CA,14,Unidentified,1,21,35,30,3,1021,0
1200,513,2018,San Benito,35,6/4/2018,1/4/2019,0,36.378333,-120.901167,TRUE,"Coalinga Road, east of Bitterwater ",Eastern Fire,100,CA,14,Unidentified,0,10,31,24,8,1012,0
1203,441,2018,Lassen,18,6/27/2018,1/4/2019,0,40.316137,-120.45053,FALSE,"Hyatt Ln and Standish Buntingville Rd, 5 miles east of Janesville",Hyatt Fire,100,CA,14,Unidentified,4,12,29,25,6,1014,0
1205,375,2018,Monterey,27,6/26/2018,6/21/2019,0,35.95515,-120.86256,FALSE,"Sargents Canyon and Deadman Gulch, San Ardo Oil Fields",San Ardo,100,CA,14,Unidentified,0,16,27,24,3,1014,0
1206,367,2018,Kern,15,8/18/2018,1/4/2019,0,35.51777778,-118.6525,FALSE,"off Cow Flat Road and Highway 178, west of Lake Isabella",Call Fire,100,CA,14,Unidentified,0,18,34,29,5,1017,0
1215,300,2018,Madera,20,6/4/2018,1/4/2019,0,37.10181,-119.623981,FALSE,"Road 210 and Road 200, Oneal",ONeals Fire,100,CA,14,Unidentified,0,20,31,27,9,1013,0
1227,258,2018,Santa Barbara,42,3/27/2018,1/3/2019,0,34.0232,-119.76576,FALSE,"Channel Islands National Park, Santa Cruz Island",Santa Cruz Fire,100,CA,14,Unidentified,0,14,16,15,14,1020,0
1231,215,2018,Siskiyou,47,7/1/2018,1/4/2019,0,41.085,-123.051,FALSE,Petersburg and Caribou Creek Rd 3 MI SW of Cecilville,Petersburg Fire,100,CA,14,Unidentified,0,15,33,28,5,1017,0
1244,167,2018,Monterey,27,10/13/2018,1/4/2019,0,36.18401,-120.69955,FALSE," Hwy 198 & Priest Valley Rd, east of San Lucas",Priest Fire,100,CA,14,Unidentified,0,14,25,20,9,1011,0
1249,155,2018,Shasta,45,8/19/2018,1/4/2019,0,40.36888889,-122.8905556,FALSE,"off Highway 36 west and Beegum Gorge road, Platina area",Gorge Fire,100,CA,14,Unidentified,0,10,33,25,1,1017,0
1260,127,2018,Glenn,11,6/1/2018,1/4/2019,0,39.46543,-122.65582,FALSE,"Open Ridge, NW of Dry Creek Hill, 11 miles SW of Elk Creek",Open Fire,100,CA,14,Unidentified,0,10,29,24,4,1018,0
1265,116,2018,San Benito,35,7/12/2018,1/4/2019,0,36.59036,-120.82355,FALSE,"Panoche Rd and New Idria Rd, west of San Joaquin",Idria Fire,100,CA,14,Unidentified,0,21,38,33,10,1013,0
1273,103,2018,Lake,17,8/26/2018,1/4/2019,0,39.02017,-122.57496,FALSE,"Hwy 20 and New Long Valley Rd, Clear Lake Oaks          ",Cache Fire,100,CA,14,Unidentified,0,13,31,25,4,1015,0
1279,96,2018,Monterey,27,6/9/2018,1/4/2019,0,35.9352,-121.11936,FALSE,"Sam Jones and Jolon Rd, Fort Hunter Liggett ",Sam Fire,100,CA,14,Unidentified,0,13,24,21,10,1017,0
1280,95,2018,Kern,15,6/29/2018,1/4/2019,0,35.1234,-118.72905,FALSE,"Comanche Point Rd, 3 miles south of Arvin",Sheep Fire,100,CA,14,Unidentified,0,13,31,26,4,1011,0
1282,89,2018,Lassen,18,7/15/2018,1/4/2019,0,40.94666,-121.27049,FALSE,near Little Valley,3-16 Fire,100,CA,14,Unidentified,0,20,35,31,3,1016,0
1283,88,2018,Lassen,18,11/8/2018,1/4/2019,0,40.83116,-120.19336,FALSE,"Horn Road and Mail Route Road, 9 miles southeast of Termo  ",Horn Fire,100,CA,14,Unidentified,0,-5,7,2,9,1028,0
1284,88,2018,Madera,20,8/27/2018,1/4/2019,0,37.179167,-119.431667,FALSE,"Mammoth Road, 29 miles north of Clovis",Redinger Fire,100,CA,14,Unidentified,0,17,28,24,5,1015,0
1285,88,2018,Merced,24,5/20/2018,1/4/2019,0,37.056944,-121.01638,FALSE,off Highway 33 and south of Highway 152,Plaza Fire,100,CA,14,Unidentified,0,9,24,19,14,1014,0
1287,80,2018,Lake,17,7/9/2018,1/4/2019,0,39.06715,-122.59789,FALSE,"Pawnee Dr. and New Long Valley Dr., northeast of Clearlake ",Spring 2 Fire,100,CA,14,Unidentified,1,16,35,30,8,1017,0
1291,76,2018,Fresno,10,6/27/2018,1/4/2019,0,36.696879,-119.304499,FALSE,"Anchor Ave and Hills Valley Rd, north of Orange Cove",Anchor Fire,100,CA,14,Unidentified,0,16,34,28,1,1013,0
1292,75,2018,Colusa,6,7/4/2018,1/4/2019,0,39.2976,-122.512012,TRUE,"off Stonyford Road and Lake Park, west of Maxwell   ",Stony Fire,100,CA,14,Unidentified,0,15,29,25,3,1012,0
1299,68,2018,Merced,24,6/24/2018,1/4/2019,0,37.08529,-121.09354,FALSE,"Hwy 152 & Lower Cottonwood, west of Los Banos",Romero Fire,100,CA,14,Unidentified,0,19,35,31,10,1009,0
1306,63,2018,Riverside,33,7/4/2018,1/4/2019,0,33.56349,-116.732032,FALSE,off Benton Road and Crams Corner Drive in Anza,Benton Fire,100,CA,14,Unidentified,0,16,30,26,5,1013,0
1308,63,2018,Stanislaus,50,5/29/2018,1/4/2019,0,37.32744,-121.10903,FALSE,"Interstate 5 and Stuhr Rd, South of Patterson",Stuhr Fire,100,CA,14,Unidentified,0,21,37,32,6,1011,0
1320,56,2018,Lassen,18,7/15/2018,1/4/2019,0,40.95234,-121.21597,FALSE,"Hwy 299 E and Little Valley Rd, Dixie Valley Peak, 16 miles east of Fall River Mills",3-10 Fire,100,CA,14,Unidentified,0,18,31,27,1,1015,0
1325,53,2018,Mariposa,22,6/15/2018,1/4/2019,0,37.47677,-119.84299,TRUE,"off Boyer Road and Fox Hollow Lane, Community of Bootjack",Boyer Fire,100,CA,14,Unidentified,1,12,29,25,7,1008,0
1328,51,2018,Shasta,45,7/24/2018,1/4/2019,0,40.824,-121.90215,TRUE,"Crest Line Dr and Hunt Rd, Montgomery Creek, west of Burney",Crestline Fire,100,CA,14,Unidentified,0,18,35,31,3,1018,0
1330,50,2018,Lake,17,7/21/2018,1/4/2019,0,38.91152,-122.86854,TRUE,"Adobe Creek Rd & Peterson Ln, Kelseyville",Carder Fire,100,CA,14,Unidentified,1,17,34,29,4,1014,0.1
1332,50,2018,Monterey,27,2/7/2018,1/3/2019,0,35.96689,-121.28185,FALSE,"Nacimento Fergusson Road and Hayfork Road, west of the community of Lockwood",Haycamp Fire,100,CA,14,Unidentified,0,12,21,17,12,1021,0
1348,35,2018,Mendocino,23,11/8/2018,1/4/2019,0,39.62194,-123.28774,FALSE,"near Dos Rios, off Highway 162, East of Highway 101 and West of Covelo",Brushy Fire,100,CA,14,Unidentified,0,2,22,13,8,1020,0
1352,34,2018,Kern,15,8/17/2018,1/4/2019,0,35.17156,-118.51651,FALSE,"off Marcel Drive and Woodford-Tehachapi Road, west of Tehachapi",Marcel Fire,100,CA,14,Unidentified,0,19,30,26,12,1017,0
1354,34,2018,Tulare,54,7/19/2018,1/4/2019,0,36.42638,-118.70443,FALSE,"Mineral King Rd, Ash Mountain area",Horse Creek Fire,100,CA,14,Unidentified,0,25,37,34,5,1015,0
1361,32,2018,Lassen,18,7/15/2018,1/4/2019,0,41.08583,-121.05722,FALSE,"Punkin Center Road and Juniper Road, 6 miles southwest of the Community of Bieber",3-18 Fire,100,CA,14,Unidentified,0,20,35,31,3,1016,0
1370,30,2018,Fresno,10,4/12/2018,1/3/2019,0,35.92436,-119.94083,FALSE,"25th Ave & Ultica Ave, south of Kettleman City",Aqueduct Fire,100,CA,14,Unidentified,0,9,18,14,21,1017,0.1
1377,24,2018,Lake,17,9/3/2018,1/4/2019,0,38.91842,-122.85276,TRUE,"Kelsey Creek Rd & Conklin Ln, Kelseyville",Kelsey Fire,100,CA,14,Unidentified,0,16,37,29,3,1011,0
1381,22,2018,Mariposa,22,8/4/2018,1/4/2019,0,37.69965,-120.0545,FALSE,"Texas Hill Rd and Bondurant Mine Rd, east of Coulterville",Wagner Fire,100,CA,14,Unidentified,7,19,34,29,9,1014,0
1397,16,2018,Humboldt,12,7/15/2018,1/4/2019,0,41.34453,-123.85404,FALSE,Highway 169 in Pecwan,Johnson Fire,100,CA,14,Unidentified,0,12,37,29,5,1016,0.1
1401,15,2018,Riverside,33,5/4/2018,1/4/2019,0,33.467999,-117.003829,FALSE,"Hwy 79 & Woodchuck Road, Temecula",Woodchuck Fire,100,CA,14,Unidentified,0,15,29,25,1,1020,0
1405,14,2018,Lassen,18,7/14/2018,1/4/2019,0,39.99309,-120.02137,FALSE,"off Homestead Ranch Road, southeast of Doyle ",3-2 Fire,100,CA,14,Unidentified,0,15,33,26,5,1017,0
1409,13,2018,Fresno,10,6/2/2018,1/4/2019,0,36.10499,-120.55324,FALSE,"Hwy 198 and Coldwell Ln, 10 miles west of Coalinga",Coldwell Fire,100,CA,14,Unidentified,0,17,31,26,5,1016,0
1413,12,2018,Madera,20,7/10/2018,1/4/2019,0,37.22791,-119.50461,FALSE,"in the area of Road 230 and Road 225, North Fork",School Fire,100,CA,14,Unidentified,0,21,33,30,5,1016,0
1416,12,2018,Siskiyou,47,6/4/2018,1/4/2019,0,41.64805,-122.98442,FALSE,"Meamber Creek Road, 8 miles west of Fort Jones",Meamber Fire,100,CA,14,Unidentified,0,8,23,19,6,1016,0
1422,11,2018,Madera,20,7/9/2018,1/4/2019,0,37.19817,-119.80414,FALSE,"Cornerstone Court, Yosemite Lakes",Cornerstone Fire,100,CA,14,Unidentified,0,16,34,29,6,1017,0
1453,137,2019,Fresno,10,10/18/2019,10/19/2019,0,36.319291,-120.460189,FALSE,"Los Gatos Creek Road and Joaquin Rocks Lookout Road, east of Coalinga",Mud Fire ,100,CA,2,Equipment Use,0,8,20,15,13,1015,0
1461,35,2019,Stanislaus,50,7/18/2019,7/18/2019,0,37.420988,-121.371276,FALSE,"Frank Raines Park on Del Puerto Canyon Road, west of Patterson",Rains Fire,100,CA,14,Unidentified,0,18,39,33,5,1013,0
1466,22,2019,El Dorado,9,9/29/2019,9/29/2019,0,38.538467,-120.965105,FALSE,Chaparral Drive and Latrobe Road in Latrobe,Chaparral Fire,100,CA,14,Unidentified,0,6,18,13,6,1011,0.1
1476,14217,2019,Modoc,25,7/28/2019,8/11/2019,0,41.79591,-121.260305,FALSE,"Hwy 139 and Tucker Butte Rd, 6 miles SW of Clear Lake Reservoir",Tucker Fire,100,CA,14,Unidentified,0,9,32,26,8,1021,0
1477,10296,2019,Inyo,14,9/6/2019,11/21/2019,0,37.034,-118.345,TRUE,south west of Big Pine and north west of Aberdeen,Taboose Fire,100,CA,14,Unidentified,0,9,19,15,4,1017,0
1488,3380,2019,Lassen,18,8/28/2019,9/4/2019,0,40.593,-120.581,FALSE,"Hagata Canyon, east of Eagle Lake",R-1 Fire,100,CA,1,Lightning,0,14,32,25,4,1012,0
1497,1926,2019,Riverside,33,9/4/2019,9/14/2019,3,33.528469,-117.273157,TRUE,"Tenaja Road and Clinton Keith Road, in La Cresta",Tenaja,100,CA,1,Lightning,2,21,34,30,2,1010,0
1504,1127,2019,San Luis Obispo,40,6/5/2019,6/11/2019,0,35.343761,-119.913717,FALSE,"off Highway 58 and Boulder Creek Road, California Valley",Boulder Fire,100,CA,14,Unidentified,0,24,34,31,3,1013,0
1505,1020,2019,Lassen,18,8/8/2019,8/11/2019,0,40.943799,-120.275298,FALSE,"Cold Springs Rd and McDonald Peak, 11 miles southeast of Madeline",W1 McDonald Fire,100,CA,14,Unidentified,0,9,27,23,4,1013,0
1507,835,2019,San Luis Obispo,40,5/29/2019,6/3/2019,0,35.30759,-119.96498,FALSE,"Belmont & Costa Mesa Rd, In California Valley",Belmont Fire,100,CA,14,Unidentified,0,13,23,20,4,1013,0
1511,703,2019,Mendocino,23,10/27/2019,11/3/2019,0,39.22431,-123.12887,FALSE,"Potter Valley Road and  Highway 20, east of Calpella in Mendocino County",Burris Fire,100,CA,14,Unidentified,0,4,20,13,5,1010,0
1531,279,2019,Ventura,56,9/1/2019,9/5/2019,0,34.71011,-119.3547,FALSE,3 miles northwest of Reyes Creek,Snail Fire,100,CA,14,Unidentified,0,19,29,26,7,1012,0
1532,263,2019,Lassen,18,7/5/2019,7/6/2019,0,40.679318,-120.392768,FALSE,"Snowstorm Rd, south of Ravendale",Snowstorm Fire,100,CA,2,Equipment Use,0,10,27,23,6,1016,0
1533,260,2019,Lassen,18,9/6/2019,9/11/2019,0,44.734,-120.606,FALSE,"North of Fredonyer Peak, southwest of Termo",R-6 Fire,100,CA,14,Unidentified,0,13,26,21,6,1017,0.2
1534,257,2019,Tulare,54,6/2/2019,6/11/2019,0,36.18479,-118.99229,FALSE,"Off Rd 256 & Ave 220, east of Strathmore",Citrus Fire,100,CA,14,Unidentified,0,17,29,25,7,1010,0.7
1536,244,2019,Trinity,53,9/5/2019,9/18/2019,0,40.062304,-123.222196,FALSE,"Yolla Bolly Middle Eel Wilderness near Henthorne Lake, North of Covelo",Henthorne Fire,100,CA,14,Unidentified,0,14,32,25,4,1014,0.5
1539,227,2019,Siskiyou,47,9/7/2019,9/26/2019,0,41.4929742,-123.2129356,FALSE,"Marble Mountain Wilderness and Kidder Creek, Northwest of Etna",Kidder 2 Fire,100,CA,14,Unidentified,0,0,26,16,1,1019,0
1542,214,2019,Riverside,33,6/29/2019,6/30/2019,0,33.911,-116.980528,FALSE,"Off of Lamb Canyon Road and California Avenue, Southeast of Beaumont",Wolf Fire ,100,CA,14,Unidentified,0,16,28,25,4,1013,0
1551,200,2019,Contra Costa,7,10/27/2019,10/28/2019,0,37.99136,-121.64118,FALSE,"East Cypress Rd and Bethel Island Road, Knightsen, CA  ",Cypress Complex,100,CA,14,Unidentified,0,13,22,18,12,1008,0
1555,193,2019,Lassen,18,7/14/2019,7/16/2019,0,40.072739,-120.158273,FALSE,"Off Old Highway and Cowboy Joe Road, Northwest of Doyle",Doyle Fire,100,CA,14,Unidentified,0,11,27,23,5,1014,0
1557,190,2019,Monterey,27,7/9/2019,7/10/2019,0,35.95191,-120.8092,FALSE,"Sargent Canyon Road and Sheep Canyon, San Ardo Oil Fields",Sargent Fire,100,CA,14,Unidentified,0,12,26,22,3,1016,0
1559,172,2019,Kern,15,5/3/2019,5/8/2019,0,35.03855,-119.19454,FALSE,Off Highway 166 at Wind Wolves Preserve,Vulcan Fire,100,CA,14,Unidentified,0,14,24,22,2,1015,0
1580,128,2019,Modoc,25,7/17/2019,7/20/2019,0,41.909,-120.306,FALSE,"Off Highway 395 and South Willow Ranch Road, West of Fort Bidwell ",Goose 2 Fire,100,CA,14,Unidentified,0,9,25,21,9,1014,0
1583,120,2019,San Luis Obispo,40,6/10/2019,6/11/2019,0,35.57376,-120.11738,FALSE,Bitterwater Road East of Paso Robles,Bitter Fire ,100,CA,14,Unidentified,0,22,32,29,2,1015,0
1623,66,2019,Monterey,27,9/1/2019,9/2/2019,0,35.906482,-120.992914,FALSE,"Jolon Road and New Pleyto Road, Lockwood",Jolon Fire,100,CA,14,Unidentified,0,18,35,29,4,1013,0
1628,62,2019,San Mateo,41,10/24/2019,10/27/2019,0,37.166674,-122.361112,FALSE,"Highway 1 and Gazos Creek Rd, south of Pescadero",Cabrillo Fire,100,CA,14,Unidentified,0,20,32,27,5,1013,0
1640,50,2019,Sacramento,34,8/2/2019,8/2/2019,0,38.622058,-121.114095,FALSE,off White Rock Road and Prairie City Road ,Prairie Fire ,100,CA,9,Miscellaneous,0,16,37,30,9,1017,0
1649,45,2019,Riverside,33,5/30/2019,6/3/2019,0,33.69078,-114.57265,FALSE,"Near the Intersection of Highway 95 and 2nd Avenue, in Blythe",Diversion Fire,100,CA,14,Unidentified,0,23,35,32,20,1008,0
1654,43,2019,Monterey,27,6/12/2019,6/17/2019,0,35.97059,-120.88241,FALSE,near San Ardo,Ardo Fire,100,CA,14,Unidentified,0,17,29,26,3,1014,0
1664,34,2019,Riverside,33,8/22/2019,8/23/2019,0,33.4506,-116.857817,FALSE,Highway 371 cross of Yucca Road,Yucca Fire,100,CA,14,Unidentified,0,16,28,25,2,1007,0
1676,28,2019,Lake,17,9/4/2019,9/5/2019,0,38.910498,-122.642572,TRUE,"Highway 29 and DNA Ridge Rock, Southwest of Clear Lake.",Glass Fire,100,CA,14,Unidentified,0,15,34,28,6,1012,0
1684,25,2019,Alameda,1,7/5/2019,7/5/2019,0,37.469,-121.3697,FALSE,"Christensen Road, Near Bethany Reservoir ",Bikeway Fire,100,CA,14,Unidentified,0,17,39,32,5,1014,0
1692,20,2019,Riverside,33,8/12/2019,8/12/2019,0,33.909792,-117.004667,FALSE,David Mountain Radio Road at David Mountain Road in Beaumont,Radio Fire,100,CA,1,Lightning,0,18,29,26,3,1012,0
1694,20,2019,Lake,17,8/8/2019,8/11/2019,0,38.99174,-122.7751,FALSE,"Soda Bay Road and Golf Drive, northwest of Clearlake",Golf Fire,100,CA,14,Unidentified,0,10,31,23,9,1014,0
1695,20,2019,Riverside,33,7/11/2019,7/11/2019,0,33.69055556,-116.953889,FALSE,Off of Girard Street and Quiet Hills Drive ,Gibbel Fire ,100,CA,5,Debris,0,14,35,29,1,1014,0
1698,19,2019,Riverside,33,9/30/2019,9/30/2019,0,33.703546,-117.033598,FALSE,Warren Rd & Old Mine Rd in Hemet,Warren Fire,100,CA,14,Unidentified,0,7,21,17,7,1011,0
1700,18,2019,Stanislaus,50,10/3/2019,10/4/2019,0,37.429506,-121.336465,FALSE,Del Puerto Canyon Road east of Frank Raines Park west of Patterson,Del Fire,100,CA,14,Unidentified,0,8,29,20,6,1015,0
1708,15,2019,Siskiyou,47,9/7/2019,9/10/2019,0,41.512917,-122.740333,FALSE,"Near Duzel Rock Lookout, northeast of Etna",Duzel Fire,100,CA,2,Equipment Use,0,11,26,20,2,1018,0
1709,15,2019,San Bernardino,36,9/2/2019,9/6/2019,0,34.353667,-117.343833,FALSE,"Old Dump Road, south of Summit Valley Road, Hesperia",Telephone Fire,100,CA,14,Unidentified,0,23,34,30,10,1013,0
1713,12,2019,Butte,4,6/29/2019,6/29/2019,0,39.32889,-121.23431,FALSE,"Off Craig Access Road, Near Lake Oroville ",Mayberry Fire ,100,CA,14,Unidentified,0,12,31,26,9,1018,0
1,917,2013,Monterey,27,12/16/2013,12/20/2013,0,36.2172,-121.2392,FALSE,Pfeiffer Ridge Road and Highway 1 near Big Sur,Pfeiffer Fire,100,CA,9,Miscellaneous,0,8,23,15,10,1022,0
3,296,2013,Lake,17,1/22/2013,1/23/2013,0,39.0996,-122.7532,FALSE,"North of Highway 29, southeast of Kelseyville",Becks Fire,100,CA,14,Unidentified,0,2,13,8,9,1020,0
4,226,2013,Glenn,11,6/12/2013,6/17/2013,0,39.5982,-122.392,FALSE,15 miles northwest of Elk Creek off County Road 306,Daves Fire,100,CA,14,Unidentified,0,12,30,24,11,1015,0
5,213,2013,Monterey,27,7/17/2013,7/17/2013,0,36.2172,-121.2392,FALSE,"Tassajara Hot Springs, near the Zen Center",Tassajara Fire,100,CA,14,Unidentified,0,12,31,24,9,1017,0
8,100,2013,Los Angeles,19,8/9/2013,8/11/2013,0,34.3207,-118.2248,FALSE,San Francisquito Canyon Rd & Stator Ln,Bee Fire,100,CA,1,Lightning,0,16,26,23,4,1013,0
14,40,2013,Siskiyou,47,7/31/2013,7/31/2013,0,41.5927,-122.5404,FALSE,"Siskiyou Wildlife Refuge, 5 miles SE of Montague",Trout Fire,100,CA,1,Lightning,0,11,28,22,5,1019,0
15,34,2013,Shasta,45,8/4/2013,8/5/2013,0,40.7637,-122.0405,FALSE,"Honey Bee Road, West of Redding",Honey Fire,100,CA,14,Unidentified,0,8,31,27,2,1015,0
16,15,2013,Mendocino,23,12/30/2013,12/30/2013,0,39.4402,-123.3915,FALSE,off Refuse Road near Covelo,Refuse Fire,100,CA,14,Unidentified,0,3,17,10,6,1022,0
17,15,2013,Madera,20,5/12/2013,5/13/2013,0,37.218,-119.7627,FALSE,Off Range Circle Dr in Yosemite Lake,Ranger Fire,100,CA,14,Unidentified,0,9,31,26,3,1020,0
21,13838,2014,Madera,20,7/28/2014,7/28/2014,0,37.218,-119.7627,FALSE,"Rock Creek Drainage, south of Mammoth Pool Reservoir",French Fire,100,CA,14,Unidentified,0,13,33,27,2,1016,0
22,12536,2014,Mendocino,23,7/30/2014,9/9/2014,15,39.4402,-123.3915,TRUE,Wilderness Lodge and Eel River Canyon area,Lodge Lightning Complex,100,CA,14,Unidentified,0,14,33,28,4,1015,0.5
23,4840,2014,Monterey,27,6/19/2014,6/21/2014,0,36.2172,-121.2392,FALSE,"Nacimiento Fergusson Road & Stoney Valley, Fort Hunter Liggett",Stoney Fire,100,CA,14,Unidentified,0,11,32,26,8,1014,0
24,4772,2014,Mariposa,22,8/16/2014,12/12/2014,0,37.5815,-119.9054,FALSE,East of Little Yosemite Valley,Meadow Fire,100,CA,14,Unidentified,0,9,24,20,3,1016,0
25,4689,2014,Mariposa,22,7/26/2014,8/10/2014,0,37.5815,-119.9054,FALSE,Near Highway 140 and community of El Portal,El Portal Fire,100,CA,14,Unidentified,0,10,26,23,3,1014,0
26,1080,2014,Mariposa,22,7/17/2014,8/20/2014,0,37.5815,-119.9054,FALSE,near the Yosemite Creek Campground.,Dark Hole Fire,100,CA,14,Unidentified,0,12,24,21,1,1014,0.5
27,677,2014,Mariposa,22,5/26/2014,6/2/2014,9,37.5815,-119.9054,TRUE,"Hunters Valley area, near the southeast shore of Lake McClure",Hunters Fire,100,CA,14,Unidentified,3,7,22,18,1,1013,0
29,403,2014,Mendocino,23,9/13/2014,9/17/2014,3,39.4402,-123.3915,TRUE,"Black Bart Trail, North of Lake Mendocino",Black Fire,100,CA,14,Unidentified,11,11,25,20,3,1013,0.1
31,300,2014,Mariposa,22,9/5/2014,9/12/2014,3,37.5815,-119.9054,TRUE,"Highway 49 at Harris Road, 10 miles east of Mariposa",Bridge Fire,100,CA,14,Unidentified,0,8,23,19,3,1011,0
35,100,2014,Lake,17,9/3/2014,9/5/2014,0,39.0996,-122.7532,FALSE,"off Hwy 20 & Saratoga Road, west of Upper Lake",Saratoga Fire,100,CA,14,Unidentified,0,13,32,26,6,1008,0
38,79,2014,Mariposa,22,9/7/2014,9/9/2014,0,37.5815,-119.9054,FALSE,"Near Ponderosa Way & Tuolumne River Rd, south of Coulterville ",Montgomery Fire,100,CA,14,Unidentified,0,8,23,19,4,1014,0
41,65,2014,Inyo,14,9/16/2014,9/21/2014,0,36.5111,-117.4107,FALSE,at the base of June Mountain,June Fire,100,CA,14,Unidentified,0,23,41,37,4,1011,0
42,62,2014,Mendocino,23,9/21/2014,9/22/2014,0,39.4402,-123.3915,TRUE,"off Nelson Ranch Rd, 9 mile south of Ukiah",Nelson Fire,100,CA,4,Campfire,0,10,25,19,3,1014,0
44,56,2014,San Diego,37,5/14/2014,5/20/2014,0,33.0341,-116.7353,FALSE,"Naval Weapons Station, Fallbrook",Freeway Fire ,100,CA,14,Unidentified,0,17,33,29,17,1019,0
57,7000,2015,Inyo,"14,26",2/6/2015,2/12/2015,4,36.5111,-117.4107,TRUE,Westside of Highway 395 at the Sherwin Grade,Round Fire,100,CA,14,Unidentified,45,10,26,20,7,1017,0
59,3676,2015,Mono,26,8/14/2015,8/23/2015,0,37.9391,-118.8868,FALSE,north of Walker Lake & north of June Lake Loop,Walker Fire,100,CA,14,Unidentified,0,9,22,18,11,1017,0
63,509,2015,Mono,26,2/6/2015,2/20/2015,0,37.9391,-118.8868,FALSE,"Point Ranch, South of Bridgeport",Van Dyke Fire,100,CA,14,Unidentified,0,-2,6,2,17,1016,0
64,500,2015,Madera,20,6/18/2015,6/19/2015,0,37.218,-119.7627,FALSE,"Rd 632, 2 miles from Hwy 41, Community of Calvin Crest",Sky Fire,100,CA,10,Vehicle,0,12,32,27,8,1014,0
65,415,2015,Mariposa,22,9/7/2015,9/11/2015,0,37.5815,-119.9054,FALSE,"north rim of Yosemite Valley, east of Yosemite Falls",Tenaya Fire,100,CA,14,Unidentified,0,8,21,12,9,1015,0
66,374,2015,Los Angeles,19,8/16/2015,8/20/2015,0,34.3207,-118.2248,FALSE,"off Lincoln Ave, in the Whittier Narrows Park, City of Montebello",Lincoln Fire,100,CA,14,Unidentified,0,26,37,34,2,1012,0
68,300,2015,Los Angeles,19,8/16/2015,8/16/2015,0,34.3207,-118.2248,FALSE,Lake Hughes Rd at Warm Springs Rehab Center,Warm Fire,100,CA,14,Unidentified,0,26,37,34,2,1012,0
72,227,2015,Mendocino,23,7/30/2015,8/7/2015,0,39.4402,-123.3915,FALSE,throughout Mendocino National Forest,Mendocino National Forest Lightning Complex,100,CA,1,Lightning,0,11,33,28,3,1014,0
79,111,2015,Lassen,18,6/30/2015,7/3/2015,0,40.6736,-120.5943,FALSE,"near Shinn Mountain, 10 miles southeast of Ravendale",Shinn Fire,100,CA,14,Unidentified,0,14,33,29,6,1016,0
85,65,2015,San Bernardino,36,8/1/2015,8/5/2015,0,34.8414,-116.1784,FALSE,"Cajon Pass, I-15 and Highway 138",Scales Fire,100,CA,2,Equipment Use,0,26,37,34,15,1012,0
88,60,2015,Mariposa,22,6/18/2015,6/19/2015,0,37.5815,-119.9054,TRUE,"Triangle Rd and Nickel Plate Rd, north of Bootjack",Triangle Fire,100,CA,10,Vehicle,0,10,23,20,5,1014,0
97,25,2015,Mariposa,22,6/7/2015,6/9/2015,0,37.5815,-119.9054,TRUE,"Lookout Mountain Rd & Fox Field Lane, south of Mormon Bar",Fox Fire,100,CA,14,Unidentified,0,7,20,16,12,1013,0
98,25,2015,Lake,17,6/5/2015,6/6/2015,0,39.0996,-122.7532,FALSE,Hwy 20 near Lake County- Colusa County Line,Oasis Fire,100,CA,14,Unidentified,0,14,30,26,11,1009,0
102,5399,2016,Los Angeles,19,6/20/2016,4/23/2018,0,34.3207,-118.2248,FALSE,south of Azusa,San Gabriel Complex (Formerly Fish & Reservoir Fires),100,CA,14,Unidentified,0,25,41,38,1,1013,0
104,2819,2016,Mono,26,8/4/2016,8/7/2016,0,37.9391,-118.8868,FALSE,"on Bald Mountain, northeast of Mammoth",Clark Fire,100,CA,14,Unidentified,0,9,21,18,4,1013,0
106,237,2016,San Benito,35,6/17/2016,6/20/2016,0,36.6057,-121.075,TRUE,"north of Hwy 198, east of Hwy 25",King Fire ,100,CA,14,Unidentified,2,7,27,22,4,1017,0
110,122,2016,Mono,26,8/5/2016,8/7/2016,0,37.9391,-118.8868,FALSE,southeast of Mammoth Lakes and a mile north of the community of Swall Meadows.,Rock Creek Fire,100,CA,14,Unidentified,0,7,20,16,11,1011,0
113,80,2016,Madera,20,7/21/2016,7/25/2016,0,37.218,-119.7627,TRUE,off Hwy 41 northeast of Coarsegold,Serpa Fire,100,CA,14,Unidentified,0,14,30,26,4,1014,0
116,42,2016,Lassen,18,7/30/2016,8/1/2016,0,40.6736,-120.5943,TRUE,"off Hwy 36E & County Rd A1, west of Susanville ",Dockery Fire,100,CA,2,Equipment Use,0,15,32,28,6,1010,0
119,25,2016,Lake,17,7/29/2016,7/31/2016,0,39.0996,-122.7532,FALSE,"Off Ogulin Rd & Highway 53, Clearlake Oaks",North Branch Extension Fire,100,CA,14,Unidentified,0,20,40,34,4,1010,0
122,16031,2017,Tulare,54,6/24/2017,1/9/2018,0,36.2201,-118.8005,FALSE,Within the 2002 McNally wildfire burn area (17 miles north of Kernville),Schaeffer Fire,100,CA,14,Unidentified,0,21,41,35,4,1013,0
124,21,2017,Shasta,45,6/13/2017,1/9/2018,0,40.7637,-122.0405,FALSE,"Platina Road, 12 Miles West of Ono",Platina Fire,100,CA,14,Unidentified,0,5,26,21,5,1021,0
